ISO-10303-21;
HEADER;
FILE_DESCRIPTION(('FreeCAD Model'),'2;1');
FILE_NAME('Open CASCADE Shape Model','2026-06-20T22:33:39',('Author'),(
    ''),'Open CASCADE STEP processor 7.8','FreeCAD','Unknown');
FILE_SCHEMA(('AUTOMOTIVE_DESIGN { 1 0 10303 214 1 1 1 1 }'));
ENDSEC;
DATA;
#1 = APPLICATION_PROTOCOL_DEFINITION('international standard',
  'automotive_design',2000,#2);
#2 = APPLICATION_CONTEXT(
  'core data for automotive mechanical design processes');
#3 = SHAPE_DEFINITION_REPRESENTATION(#4,#10);
#4 = PRODUCT_DEFINITION_SHAPE('','',#5);
#5 = PRODUCT_DEFINITION('design','',#6,#9);
#6 = PRODUCT_DEFINITION_FORMATION('','',#7);
#7 = PRODUCT('0.96" SSD1312 display module v011',
  '0.96" SSD1312 display module v011','',(#8));
#8 = PRODUCT_CONTEXT('',#2,'mechanical');
#9 = PRODUCT_DEFINITION_CONTEXT('part definition',#2,'design');
#10 = SHAPE_REPRESENTATION('',(#11,#15,#19,#23,#27,#31,#35,#39),#43);
#11 = AXIS2_PLACEMENT_3D('',#12,#13,#14);
#12 = CARTESIAN_POINT('',(0.,0.,0.));
#13 = DIRECTION('',(0.,0.,1.));
#14 = DIRECTION('',(1.,0.,-0.));
#15 = AXIS2_PLACEMENT_3D('',#16,#17,#18);
#16 = CARTESIAN_POINT('',(0.,0.,0.));
#17 = DIRECTION('',(0.,0.,1.));
#18 = DIRECTION('',(1.,0.,0.));
#19 = AXIS2_PLACEMENT_3D('',#20,#21,#22);
#20 = CARTESIAN_POINT('',(0.,0.,0.));
#21 = DIRECTION('',(0.,0.,1.));
#22 = DIRECTION('',(1.,0.,0.));
#23 = AXIS2_PLACEMENT_3D('',#24,#25,#26);
#24 = CARTESIAN_POINT('',(0.,0.,0.));
#25 = DIRECTION('',(0.,0.,1.));
#26 = DIRECTION('',(1.,0.,0.));
#27 = AXIS2_PLACEMENT_3D('',#28,#29,#30);
#28 = CARTESIAN_POINT('',(0.,0.,0.));
#29 = DIRECTION('',(0.,0.,1.));
#30 = DIRECTION('',(1.,0.,0.));
#31 = AXIS2_PLACEMENT_3D('',#32,#33,#34);
#32 = CARTESIAN_POINT('',(0.,0.,0.));
#33 = DIRECTION('',(0.,0.,1.));
#34 = DIRECTION('',(1.,0.,0.));
#35 = AXIS2_PLACEMENT_3D('',#36,#37,#38);
#36 = CARTESIAN_POINT('',(0.,0.,0.));
#37 = DIRECTION('',(0.,0.,1.));
#38 = DIRECTION('',(1.,0.,0.));
#39 = AXIS2_PLACEMENT_3D('',#40,#41,#42);
#40 = CARTESIAN_POINT('',(0.,0.,0.));
#41 = DIRECTION('',(0.,0.,1.));
#42 = DIRECTION('',(1.,0.,0.));
#43 = ( GEOMETRIC_REPRESENTATION_CONTEXT(3) 
GLOBAL_UNCERTAINTY_ASSIGNED_CONTEXT((#47)) GLOBAL_UNIT_ASSIGNED_CONTEXT(
(#44,#45,#46)) REPRESENTATION_CONTEXT('Context #1',
  '3D Context with UNIT and UNCERTAINTY') );
#44 = ( LENGTH_UNIT() NAMED_UNIT(*) SI_UNIT(.MILLI.,.METRE.) );
#45 = ( NAMED_UNIT(*) PLANE_ANGLE_UNIT() SI_UNIT($,.RADIAN.) );
#46 = ( NAMED_UNIT(*) SI_UNIT($,.STERADIAN.) SOLID_ANGLE_UNIT() );
#47 = UNCERTAINTY_MEASURE_WITH_UNIT(LENGTH_MEASURE(1.E-07),#44,
  'distance_accuracy_value','confusion accuracy');
#48 = PRODUCT_RELATED_PRODUCT_CATEGORY('part',$,(#7));
#49 = SHAPE_DEFINITION_REPRESENTATION(#50,#56);
#50 = PRODUCT_DEFINITION_SHAPE('','',#51);
#51 = PRODUCT_DEFINITION('design','',#52,#55);
#52 = PRODUCT_DEFINITION_FORMATION('','',#53);
#53 = PRODUCT('0.96" SSD1312 display module v001',
  '0.96" SSD1312 display module v001','',(#54));
#54 = PRODUCT_CONTEXT('',#2,'mechanical');
#55 = PRODUCT_DEFINITION_CONTEXT('part definition',#2,'design');
#56 = ADVANCED_BREP_SHAPE_REPRESENTATION('',(#11,#57),#491);
#57 = MANIFOLD_SOLID_BREP('',#58);
#58 = CLOSED_SHELL('',(#59,#99,#130,#161,#183,#229,#260,#284,#308,#325,
    #371,#402,#426,#450,#462,#479));
#59 = ADVANCED_FACE('',(#60),#94,.F.);
#60 = FACE_BOUND('',#61,.T.);
#61 = EDGE_LOOP('',(#62,#72,#80,#88));
#62 = ORIENTED_EDGE('',*,*,#63,.F.);
#63 = EDGE_CURVE('',#64,#66,#68,.T.);
#64 = VERTEX_POINT('',#65);
#65 = CARTESIAN_POINT('',(-33.55,12.48,3.));
#66 = VERTEX_POINT('',#67);
#67 = CARTESIAN_POINT('',(-33.55,1.62,3.));
#68 = LINE('',#69,#70);
#69 = CARTESIAN_POINT('',(-33.55,6.415,3.));
#70 = VECTOR('',#71,1.);
#71 = DIRECTION('',(0.,-1.,0.));
#72 = ORIENTED_EDGE('',*,*,#73,.T.);
#73 = EDGE_CURVE('',#64,#74,#76,.T.);
#74 = VERTEX_POINT('',#75);
#75 = CARTESIAN_POINT('',(-33.55,12.48,2.999));
#76 = LINE('',#77,#78);
#77 = CARTESIAN_POINT('',(-33.55,12.48,3.));
#78 = VECTOR('',#79,1.);
#79 = DIRECTION('',(0.,0.,-1.));
#80 = ORIENTED_EDGE('',*,*,#81,.T.);
#81 = EDGE_CURVE('',#74,#82,#84,.T.);
#82 = VERTEX_POINT('',#83);
#83 = CARTESIAN_POINT('',(-33.55,1.62,2.999));
#84 = LINE('',#85,#86);
#85 = CARTESIAN_POINT('',(-33.55,1.62,2.999));
#86 = VECTOR('',#87,1.);
#87 = DIRECTION('',(0.,-1.,0.));
#88 = ORIENTED_EDGE('',*,*,#89,.F.);
#89 = EDGE_CURVE('',#66,#82,#90,.T.);
#90 = LINE('',#91,#92);
#91 = CARTESIAN_POINT('',(-33.55,1.62,3.));
#92 = VECTOR('',#93,1.);
#93 = DIRECTION('',(0.,0.,-1.));
#94 = PLANE('',#95);
#95 = AXIS2_PLACEMENT_3D('',#96,#97,#98);
#96 = CARTESIAN_POINT('',(-33.55,12.48,3.));
#97 = DIRECTION('',(1.,0.,0.));
#98 = DIRECTION('',(0.,-1.,0.));
#99 = ADVANCED_FACE('',(#100),#125,.F.);
#100 = FACE_BOUND('',#101,.T.);
#101 = EDGE_LOOP('',(#102,#110,#118,#124));
#102 = ORIENTED_EDGE('',*,*,#103,.F.);
#103 = EDGE_CURVE('',#104,#64,#106,.T.);
#104 = VERTEX_POINT('',#105);
#105 = CARTESIAN_POINT('',(-11.81,12.48,3.));
#106 = LINE('',#107,#108);
#107 = CARTESIAN_POINT('',(-23.48000001263,12.48,3.));
#108 = VECTOR('',#109,1.);
#109 = DIRECTION('',(-1.,0.,0.));
#110 = ORIENTED_EDGE('',*,*,#111,.T.);
#111 = EDGE_CURVE('',#104,#112,#114,.T.);
#112 = VERTEX_POINT('',#113);
#113 = CARTESIAN_POINT('',(-11.81,12.48,2.999));
#114 = LINE('',#115,#116);
#115 = CARTESIAN_POINT('',(-11.81,12.48,3.));
#116 = VECTOR('',#117,1.);
#117 = DIRECTION('',(0.,0.,-1.));
#118 = ORIENTED_EDGE('',*,*,#119,.T.);
#119 = EDGE_CURVE('',#112,#74,#120,.T.);
#120 = LINE('',#121,#122);
#121 = CARTESIAN_POINT('',(-33.55,12.48,2.999));
#122 = VECTOR('',#123,1.);
#123 = DIRECTION('',(-1.,0.,0.));
#124 = ORIENTED_EDGE('',*,*,#73,.F.);
#125 = PLANE('',#126);
#126 = AXIS2_PLACEMENT_3D('',#127,#128,#129);
#127 = CARTESIAN_POINT('',(-11.81,12.48,3.));
#128 = DIRECTION('',(0.,-1.,0.));
#129 = DIRECTION('',(-1.,0.,0.));
#130 = ADVANCED_FACE('',(#131),#156,.F.);
#131 = FACE_BOUND('',#132,.T.);
#132 = EDGE_LOOP('',(#133,#141,#149,#155));
#133 = ORIENTED_EDGE('',*,*,#134,.F.);
#134 = EDGE_CURVE('',#135,#104,#137,.T.);
#135 = VERTEX_POINT('',#136);
#136 = CARTESIAN_POINT('',(-11.81,1.62,3.));
#137 = LINE('',#138,#139);
#138 = CARTESIAN_POINT('',(-11.81,0.985,3.));
#139 = VECTOR('',#140,1.);
#140 = DIRECTION('',(0.,1.,0.));
#141 = ORIENTED_EDGE('',*,*,#142,.T.);
#142 = EDGE_CURVE('',#135,#143,#145,.T.);
#143 = VERTEX_POINT('',#144);
#144 = CARTESIAN_POINT('',(-11.81,1.62,2.999));
#145 = LINE('',#146,#147);
#146 = CARTESIAN_POINT('',(-11.81,1.62,3.));
#147 = VECTOR('',#148,1.);
#148 = DIRECTION('',(0.,0.,-1.));
#149 = ORIENTED_EDGE('',*,*,#150,.T.);
#150 = EDGE_CURVE('',#143,#112,#151,.T.);
#151 = LINE('',#152,#153);
#152 = CARTESIAN_POINT('',(-11.81,12.48,2.999));
#153 = VECTOR('',#154,1.);
#154 = DIRECTION('',(0.,1.,0.));
#155 = ORIENTED_EDGE('',*,*,#111,.F.);
#156 = PLANE('',#157);
#157 = AXIS2_PLACEMENT_3D('',#158,#159,#160);
#158 = CARTESIAN_POINT('',(-11.81,1.62,3.));
#159 = DIRECTION('',(-1.,0.,0.));
#160 = DIRECTION('',(0.,1.,0.));
#161 = ADVANCED_FACE('',(#162),#178,.F.);
#162 = FACE_BOUND('',#163,.T.);
#163 = EDGE_LOOP('',(#164,#170,#171,#177));
#164 = ORIENTED_EDGE('',*,*,#165,.F.);
#165 = EDGE_CURVE('',#66,#135,#166,.T.);
#166 = LINE('',#167,#168);
#167 = CARTESIAN_POINT('',(-34.35000001263,1.62,3.));
#168 = VECTOR('',#169,1.);
#169 = DIRECTION('',(1.,0.,0.));
#170 = ORIENTED_EDGE('',*,*,#89,.T.);
#171 = ORIENTED_EDGE('',*,*,#172,.T.);
#172 = EDGE_CURVE('',#82,#143,#173,.T.);
#173 = LINE('',#174,#175);
#174 = CARTESIAN_POINT('',(-11.81,1.62,2.999));
#175 = VECTOR('',#176,1.);
#176 = DIRECTION('',(1.,0.,0.));
#177 = ORIENTED_EDGE('',*,*,#142,.F.);
#178 = PLANE('',#179);
#179 = AXIS2_PLACEMENT_3D('',#180,#181,#182);
#180 = CARTESIAN_POINT('',(-33.55,1.62,3.));
#181 = DIRECTION('',(0.,1.,0.));
#182 = DIRECTION('',(1.,0.,0.));
#183 = ADVANCED_FACE('',(#184,#218),#224,.F.);
#184 = FACE_BOUND('',#185,.T.);
#185 = EDGE_LOOP('',(#186,#196,#204,#212));
#186 = ORIENTED_EDGE('',*,*,#187,.F.);
#187 = EDGE_CURVE('',#188,#190,#192,.T.);
#188 = VERTEX_POINT('',#189);
#189 = CARTESIAN_POINT('',(-11.31,1.12,2.999));
#190 = VERTEX_POINT('',#191);
#191 = CARTESIAN_POINT('',(-34.05,1.12,2.999));
#192 = LINE('',#193,#194);
#193 = CARTESIAN_POINT('',(-28.365,1.12,2.999));
#194 = VECTOR('',#195,1.);
#195 = DIRECTION('',(-1.,0.,0.));
#196 = ORIENTED_EDGE('',*,*,#197,.F.);
#197 = EDGE_CURVE('',#198,#188,#200,.T.);
#198 = VERTEX_POINT('',#199);
#199 = CARTESIAN_POINT('',(-11.31,12.98,2.999));
#200 = LINE('',#201,#202);
#201 = CARTESIAN_POINT('',(-11.31,4.085,2.999));
#202 = VECTOR('',#203,1.);
#203 = DIRECTION('',(0.,-1.,0.));
#204 = ORIENTED_EDGE('',*,*,#205,.F.);
#205 = EDGE_CURVE('',#206,#198,#208,.T.);
#206 = VERTEX_POINT('',#207);
#207 = CARTESIAN_POINT('',(-34.05,12.98,2.999));
#208 = LINE('',#209,#210);
#209 = CARTESIAN_POINT('',(-16.995,12.98,2.999));
#210 = VECTOR('',#211,1.);
#211 = DIRECTION('',(1.,0.,0.));
#212 = ORIENTED_EDGE('',*,*,#213,.F.);
#213 = EDGE_CURVE('',#190,#206,#214,.T.);
#214 = LINE('',#215,#216);
#215 = CARTESIAN_POINT('',(-34.05,10.015,2.999));
#216 = VECTOR('',#217,1.);
#217 = DIRECTION('',(0.,1.,0.));
#218 = FACE_BOUND('',#219,.T.);
#219 = EDGE_LOOP('',(#220,#221,#222,#223));
#220 = ORIENTED_EDGE('',*,*,#172,.F.);
#221 = ORIENTED_EDGE('',*,*,#81,.F.);
#222 = ORIENTED_EDGE('',*,*,#119,.F.);
#223 = ORIENTED_EDGE('',*,*,#150,.F.);
#224 = PLANE('',#225);
#225 = AXIS2_PLACEMENT_3D('',#226,#227,#228);
#226 = CARTESIAN_POINT('',(-22.68,7.05,2.999));
#227 = DIRECTION('',(0.,0.,-1.));
#228 = DIRECTION('',(-1.,0.,0.));
#229 = ADVANCED_FACE('',(#230),#255,.F.);
#230 = FACE_BOUND('',#231,.T.);
#231 = EDGE_LOOP('',(#232,#233,#241,#249));
#232 = ORIENTED_EDGE('',*,*,#197,.T.);
#233 = ORIENTED_EDGE('',*,*,#234,.T.);
#234 = EDGE_CURVE('',#188,#235,#237,.T.);
#235 = VERTEX_POINT('',#236);
#236 = CARTESIAN_POINT('',(-11.31,1.12,2.998));
#237 = LINE('',#238,#239);
#238 = CARTESIAN_POINT('',(-11.31,1.12,3.));
#239 = VECTOR('',#240,1.);
#240 = DIRECTION('',(0.,0.,-1.));
#241 = ORIENTED_EDGE('',*,*,#242,.T.);
#242 = EDGE_CURVE('',#235,#243,#245,.T.);
#243 = VERTEX_POINT('',#244);
#244 = CARTESIAN_POINT('',(-11.31,12.98,2.998));
#245 = LINE('',#246,#247);
#246 = CARTESIAN_POINT('',(-11.31,12.98,2.998));
#247 = VECTOR('',#248,1.);
#248 = DIRECTION('',(0.,1.,0.));
#249 = ORIENTED_EDGE('',*,*,#250,.F.);
#250 = EDGE_CURVE('',#198,#243,#251,.T.);
#251 = LINE('',#252,#253);
#252 = CARTESIAN_POINT('',(-11.31,12.98,3.));
#253 = VECTOR('',#254,1.);
#254 = DIRECTION('',(0.,0.,-1.));
#255 = PLANE('',#256);
#256 = AXIS2_PLACEMENT_3D('',#257,#258,#259);
#257 = CARTESIAN_POINT('',(-11.31,1.12,3.));
#258 = DIRECTION('',(-1.,0.,0.));
#259 = DIRECTION('',(0.,1.,0.));
#260 = ADVANCED_FACE('',(#261),#279,.F.);
#261 = FACE_BOUND('',#262,.T.);
#262 = EDGE_LOOP('',(#263,#264,#272,#278));
#263 = ORIENTED_EDGE('',*,*,#187,.T.);
#264 = ORIENTED_EDGE('',*,*,#265,.T.);
#265 = EDGE_CURVE('',#190,#266,#268,.T.);
#266 = VERTEX_POINT('',#267);
#267 = CARTESIAN_POINT('',(-34.05,1.12,2.998));
#268 = LINE('',#269,#270);
#269 = CARTESIAN_POINT('',(-34.05,1.12,3.));
#270 = VECTOR('',#271,1.);
#271 = DIRECTION('',(0.,0.,-1.));
#272 = ORIENTED_EDGE('',*,*,#273,.T.);
#273 = EDGE_CURVE('',#266,#235,#274,.T.);
#274 = LINE('',#275,#276);
#275 = CARTESIAN_POINT('',(-11.31,1.12,2.998));
#276 = VECTOR('',#277,1.);
#277 = DIRECTION('',(1.,0.,0.));
#278 = ORIENTED_EDGE('',*,*,#234,.F.);
#279 = PLANE('',#280);
#280 = AXIS2_PLACEMENT_3D('',#281,#282,#283);
#281 = CARTESIAN_POINT('',(-34.05,1.12,3.));
#282 = DIRECTION('',(0.,1.,0.));
#283 = DIRECTION('',(1.,0.,0.));
#284 = ADVANCED_FACE('',(#285),#303,.F.);
#285 = FACE_BOUND('',#286,.T.);
#286 = EDGE_LOOP('',(#287,#288,#296,#302));
#287 = ORIENTED_EDGE('',*,*,#213,.T.);
#288 = ORIENTED_EDGE('',*,*,#289,.T.);
#289 = EDGE_CURVE('',#206,#290,#292,.T.);
#290 = VERTEX_POINT('',#291);
#291 = CARTESIAN_POINT('',(-34.05,12.98,2.998));
#292 = LINE('',#293,#294);
#293 = CARTESIAN_POINT('',(-34.05,12.98,3.));
#294 = VECTOR('',#295,1.);
#295 = DIRECTION('',(0.,0.,-1.));
#296 = ORIENTED_EDGE('',*,*,#297,.T.);
#297 = EDGE_CURVE('',#290,#266,#298,.T.);
#298 = LINE('',#299,#300);
#299 = CARTESIAN_POINT('',(-34.05,1.12,2.998));
#300 = VECTOR('',#301,1.);
#301 = DIRECTION('',(0.,-1.,0.));
#302 = ORIENTED_EDGE('',*,*,#265,.F.);
#303 = PLANE('',#304);
#304 = AXIS2_PLACEMENT_3D('',#305,#306,#307);
#305 = CARTESIAN_POINT('',(-34.05,12.98,3.));
#306 = DIRECTION('',(1.,0.,0.));
#307 = DIRECTION('',(0.,-1.,0.));
#308 = ADVANCED_FACE('',(#309),#320,.F.);
#309 = FACE_BOUND('',#310,.T.);
#310 = EDGE_LOOP('',(#311,#312,#313,#319));
#311 = ORIENTED_EDGE('',*,*,#205,.T.);
#312 = ORIENTED_EDGE('',*,*,#250,.T.);
#313 = ORIENTED_EDGE('',*,*,#314,.T.);
#314 = EDGE_CURVE('',#243,#290,#315,.T.);
#315 = LINE('',#316,#317);
#316 = CARTESIAN_POINT('',(-34.05,12.98,2.998));
#317 = VECTOR('',#318,1.);
#318 = DIRECTION('',(-1.,0.,0.));
#319 = ORIENTED_EDGE('',*,*,#289,.F.);
#320 = PLANE('',#321);
#321 = AXIS2_PLACEMENT_3D('',#322,#323,#324);
#322 = CARTESIAN_POINT('',(-11.31,12.98,3.));
#323 = DIRECTION('',(0.,-1.,0.));
#324 = DIRECTION('',(-1.,0.,0.));
#325 = ADVANCED_FACE('',(#326,#360),#366,.F.);
#326 = FACE_BOUND('',#327,.T.);
#327 = EDGE_LOOP('',(#328,#338,#346,#354));
#328 = ORIENTED_EDGE('',*,*,#329,.F.);
#329 = EDGE_CURVE('',#330,#332,#334,.T.);
#330 = VERTEX_POINT('',#331);
#331 = CARTESIAN_POINT('',(-10.71000002526,0.35,2.998));
#332 = VERTEX_POINT('',#333);
#333 = CARTESIAN_POINT('',(-35.15,0.35,2.998));
#334 = LINE('',#335,#336);
#335 = CARTESIAN_POINT('',(-22.74000001263,0.35,2.998));
#336 = VECTOR('',#337,1.);
#337 = DIRECTION('',(-1.,0.,0.));
#338 = ORIENTED_EDGE('',*,*,#339,.F.);
#339 = EDGE_CURVE('',#340,#330,#342,.T.);
#340 = VERTEX_POINT('',#341);
#341 = CARTESIAN_POINT('',(-10.71000002526,13.75,2.998));
#342 = LINE('',#343,#344);
#343 = CARTESIAN_POINT('',(-10.71000002526,3.7,2.998));
#344 = VECTOR('',#345,1.);
#345 = DIRECTION('',(0.,-1.,0.));
#346 = ORIENTED_EDGE('',*,*,#347,.F.);
#347 = EDGE_CURVE('',#348,#340,#350,.T.);
#348 = VERTEX_POINT('',#349);
#349 = CARTESIAN_POINT('',(-35.15,13.75,2.998));
#350 = LINE('',#351,#352);
#351 = CARTESIAN_POINT('',(-22.74000001263,13.75,2.998));
#352 = VECTOR('',#353,1.);
#353 = DIRECTION('',(1.,0.,0.));
#354 = ORIENTED_EDGE('',*,*,#355,.F.);
#355 = EDGE_CURVE('',#332,#348,#356,.T.);
#356 = LINE('',#357,#358);
#357 = CARTESIAN_POINT('',(-35.15000002526,3.7,2.998));
#358 = VECTOR('',#359,1.);
#359 = DIRECTION('',(0.,1.,0.));
#360 = FACE_BOUND('',#361,.T.);
#361 = EDGE_LOOP('',(#362,#363,#364,#365));
#362 = ORIENTED_EDGE('',*,*,#273,.F.);
#363 = ORIENTED_EDGE('',*,*,#297,.F.);
#364 = ORIENTED_EDGE('',*,*,#314,.F.);
#365 = ORIENTED_EDGE('',*,*,#242,.F.);
#366 = PLANE('',#367);
#367 = AXIS2_PLACEMENT_3D('',#368,#369,#370);
#368 = CARTESIAN_POINT('',(-22.55,7.05,2.998));
#369 = DIRECTION('',(0.,0.,-1.));
#370 = DIRECTION('',(-1.,0.,0.));
#371 = ADVANCED_FACE('',(#372),#397,.T.);
#372 = FACE_BOUND('',#373,.T.);
#373 = EDGE_LOOP('',(#374,#375,#383,#391));
#374 = ORIENTED_EDGE('',*,*,#355,.T.);
#375 = ORIENTED_EDGE('',*,*,#376,.F.);
#376 = EDGE_CURVE('',#377,#348,#379,.T.);
#377 = VERTEX_POINT('',#378);
#378 = CARTESIAN_POINT('',(-35.15000002526,13.75,2.8));
#379 = LINE('',#380,#381);
#380 = CARTESIAN_POINT('',(-35.15000002526,13.75,2.8));
#381 = VECTOR('',#382,1.);
#382 = DIRECTION('',(0.,0.,1.));
#383 = ORIENTED_EDGE('',*,*,#384,.F.);
#384 = EDGE_CURVE('',#385,#377,#387,.T.);
#385 = VERTEX_POINT('',#386);
#386 = CARTESIAN_POINT('',(-35.15000002526,0.35,2.8));
#387 = LINE('',#388,#389);
#388 = CARTESIAN_POINT('',(-35.15000002526,0.35,2.8));
#389 = VECTOR('',#390,1.);
#390 = DIRECTION('',(0.,1.,0.));
#391 = ORIENTED_EDGE('',*,*,#392,.T.);
#392 = EDGE_CURVE('',#385,#332,#393,.T.);
#393 = LINE('',#394,#395);
#394 = CARTESIAN_POINT('',(-35.15000002526,0.35,2.8));
#395 = VECTOR('',#396,1.);
#396 = DIRECTION('',(0.,0.,1.));
#397 = PLANE('',#398);
#398 = AXIS2_PLACEMENT_3D('',#399,#400,#401);
#399 = CARTESIAN_POINT('',(-35.15000002526,0.35,2.8));
#400 = DIRECTION('',(-1.,0.,0.));
#401 = DIRECTION('',(0.,0.,1.));
#402 = ADVANCED_FACE('',(#403),#421,.T.);
#403 = FACE_BOUND('',#404,.T.);
#404 = EDGE_LOOP('',(#405,#406,#414,#420));
#405 = ORIENTED_EDGE('',*,*,#347,.T.);
#406 = ORIENTED_EDGE('',*,*,#407,.T.);
#407 = EDGE_CURVE('',#340,#408,#410,.T.);
#408 = VERTEX_POINT('',#409);
#409 = CARTESIAN_POINT('',(-10.71000002526,13.75,2.8));
#410 = LINE('',#411,#412);
#411 = CARTESIAN_POINT('',(-10.71000002526,13.75,3.));
#412 = VECTOR('',#413,1.);
#413 = DIRECTION('',(0.,0.,-1.));
#414 = ORIENTED_EDGE('',*,*,#415,.T.);
#415 = EDGE_CURVE('',#408,#377,#416,.T.);
#416 = LINE('',#417,#418);
#417 = CARTESIAN_POINT('',(-10.71000002526,13.75,2.8));
#418 = VECTOR('',#419,1.);
#419 = DIRECTION('',(-1.,0.,0.));
#420 = ORIENTED_EDGE('',*,*,#376,.T.);
#421 = PLANE('',#422);
#422 = AXIS2_PLACEMENT_3D('',#423,#424,#425);
#423 = CARTESIAN_POINT('',(-22.93000002526,13.75,2.9));
#424 = DIRECTION('',(0.,1.,0.));
#425 = DIRECTION('',(0.,-0.,1.));
#426 = ADVANCED_FACE('',(#427),#445,.T.);
#427 = FACE_BOUND('',#428,.T.);
#428 = EDGE_LOOP('',(#429,#430,#438,#444));
#429 = ORIENTED_EDGE('',*,*,#339,.T.);
#430 = ORIENTED_EDGE('',*,*,#431,.T.);
#431 = EDGE_CURVE('',#330,#432,#434,.T.);
#432 = VERTEX_POINT('',#433);
#433 = CARTESIAN_POINT('',(-10.71000002526,0.35,2.8));
#434 = LINE('',#435,#436);
#435 = CARTESIAN_POINT('',(-10.71000002526,0.35,3.));
#436 = VECTOR('',#437,1.);
#437 = DIRECTION('',(0.,0.,-1.));
#438 = ORIENTED_EDGE('',*,*,#439,.T.);
#439 = EDGE_CURVE('',#432,#408,#440,.T.);
#440 = LINE('',#441,#442);
#441 = CARTESIAN_POINT('',(-10.71000002526,0.35,2.8));
#442 = VECTOR('',#443,1.);
#443 = DIRECTION('',(0.,1.,0.));
#444 = ORIENTED_EDGE('',*,*,#407,.F.);
#445 = PLANE('',#446);
#446 = AXIS2_PLACEMENT_3D('',#447,#448,#449);
#447 = CARTESIAN_POINT('',(-10.71000002526,0.35,3.));
#448 = DIRECTION('',(1.,0.,0.));
#449 = DIRECTION('',(0.,0.,-1.));
#450 = ADVANCED_FACE('',(#451),#457,.T.);
#451 = FACE_BOUND('',#452,.T.);
#452 = EDGE_LOOP('',(#453,#454,#455,#456));
#453 = ORIENTED_EDGE('',*,*,#63,.T.);
#454 = ORIENTED_EDGE('',*,*,#165,.T.);
#455 = ORIENTED_EDGE('',*,*,#134,.T.);
#456 = ORIENTED_EDGE('',*,*,#103,.T.);
#457 = PLANE('',#458);
#458 = AXIS2_PLACEMENT_3D('',#459,#460,#461);
#459 = CARTESIAN_POINT('',(-35.15000002526,0.35,3.));
#460 = DIRECTION('',(0.,0.,1.));
#461 = DIRECTION('',(1.,0.,-0.));
#462 = ADVANCED_FACE('',(#463),#474,.T.);
#463 = FACE_BOUND('',#464,.T.);
#464 = EDGE_LOOP('',(#465,#471,#472,#473));
#465 = ORIENTED_EDGE('',*,*,#466,.T.);
#466 = EDGE_CURVE('',#432,#385,#467,.T.);
#467 = LINE('',#468,#469);
#468 = CARTESIAN_POINT('',(-10.71000002526,0.35,2.8));
#469 = VECTOR('',#470,1.);
#470 = DIRECTION('',(-1.,0.,0.));
#471 = ORIENTED_EDGE('',*,*,#384,.T.);
#472 = ORIENTED_EDGE('',*,*,#415,.F.);
#473 = ORIENTED_EDGE('',*,*,#439,.F.);
#474 = PLANE('',#475);
#475 = AXIS2_PLACEMENT_3D('',#476,#477,#478);
#476 = CARTESIAN_POINT('',(-10.71000002526,0.35,2.8));
#477 = DIRECTION('',(0.,0.,-1.));
#478 = DIRECTION('',(-1.,0.,0.));
#479 = ADVANCED_FACE('',(#480),#486,.T.);
#480 = FACE_BOUND('',#481,.T.);
#481 = EDGE_LOOP('',(#482,#483,#484,#485));
#482 = ORIENTED_EDGE('',*,*,#329,.T.);
#483 = ORIENTED_EDGE('',*,*,#392,.F.);
#484 = ORIENTED_EDGE('',*,*,#466,.F.);
#485 = ORIENTED_EDGE('',*,*,#431,.F.);
#486 = PLANE('',#487);
#487 = AXIS2_PLACEMENT_3D('',#488,#489,#490);
#488 = CARTESIAN_POINT('',(-22.93000002526,0.35,2.9));
#489 = DIRECTION('',(0.,-1.,0.));
#490 = DIRECTION('',(1.,0.,0.));
#491 = ( GEOMETRIC_REPRESENTATION_CONTEXT(3) 
GLOBAL_UNCERTAINTY_ASSIGNED_CONTEXT((#495)) GLOBAL_UNIT_ASSIGNED_CONTEXT
((#492,#493,#494)) REPRESENTATION_CONTEXT('Context #1',
  '3D Context with UNIT and UNCERTAINTY') );
#492 = ( LENGTH_UNIT() NAMED_UNIT(*) SI_UNIT(.MILLI.,.METRE.) );
#493 = ( NAMED_UNIT(*) PLANE_ANGLE_UNIT() SI_UNIT($,.RADIAN.) );
#494 = ( NAMED_UNIT(*) SI_UNIT($,.STERADIAN.) SOLID_ANGLE_UNIT() );
#495 = UNCERTAINTY_MEASURE_WITH_UNIT(LENGTH_MEASURE(1.E-07),#492,
  'distance_accuracy_value','confusion accuracy');
#496 = CONTEXT_DEPENDENT_SHAPE_REPRESENTATION(#497,#499);
#497 = ( REPRESENTATION_RELATIONSHIP('','',#56,#10) 
REPRESENTATION_RELATIONSHIP_WITH_TRANSFORMATION(#498) 
SHAPE_REPRESENTATION_RELATIONSHIP() );
#498 = ITEM_DEFINED_TRANSFORMATION('','',#11,#15);
#499 = PRODUCT_DEFINITION_SHAPE('Placement','Placement of an item',#500
  );
#500 = NEXT_ASSEMBLY_USAGE_OCCURRENCE('13',
  '0.96" SSD1312 display module v001','',#5,#51,$);
#501 = PRODUCT_RELATED_PRODUCT_CATEGORY('part',$,(#53));
#502 = SHAPE_DEFINITION_REPRESENTATION(#503,#509);
#503 = PRODUCT_DEFINITION_SHAPE('','',#504);
#504 = PRODUCT_DEFINITION('design','',#505,#508);
#505 = PRODUCT_DEFINITION_FORMATION('','',#506);
#506 = PRODUCT('0.96" SSD1312 display module v002',
  '0.96" SSD1312 display module v002','',(#507));
#507 = PRODUCT_CONTEXT('',#2,'mechanical');
#508 = PRODUCT_DEFINITION_CONTEXT('part definition',#2,'design');
#509 = ADVANCED_BREP_SHAPE_REPRESENTATION('',(#11,#510),#693);
#510 = MANIFOLD_SOLID_BREP('',#511);
#511 = CLOSED_SHELL('',(#512,#552,#583,#614,#645,#667,#680));
#512 = ADVANCED_FACE('',(#513),#547,.T.);
#513 = FACE_BOUND('',#514,.T.);
#514 = EDGE_LOOP('',(#515,#525,#533,#541));
#515 = ORIENTED_EDGE('',*,*,#516,.T.);
#516 = EDGE_CURVE('',#517,#519,#521,.T.);
#517 = VERTEX_POINT('',#518);
#518 = CARTESIAN_POINT('',(-7.150000002234,4.999999999997E-02,
    2.199999955297));
#519 = VERTEX_POINT('',#520);
#520 = CARTESIAN_POINT('',(-35.15000002526,4.999999999997E-02,
    2.199999955297));
#521 = LINE('',#522,#523);
#522 = CARTESIAN_POINT('',(-9.950000002234,4.999999999997E-02,
    2.199999955297));
#523 = VECTOR('',#524,1.);
#524 = DIRECTION('',(-1.,0.,1.211552903857E-16));
#525 = ORIENTED_EDGE('',*,*,#526,.T.);
#526 = EDGE_CURVE('',#519,#527,#529,.T.);
#527 = VERTEX_POINT('',#528);
#528 = CARTESIAN_POINT('',(-35.15000002526,14.05,2.199999955297));
#529 = LINE('',#530,#531);
#530 = CARTESIAN_POINT('',(-35.15000002526,4.999999999997E-02,
    2.199999955297));
#531 = VECTOR('',#532,1.);
#532 = DIRECTION('',(0.,1.,0.));
#533 = ORIENTED_EDGE('',*,*,#534,.F.);
#534 = EDGE_CURVE('',#535,#527,#537,.T.);
#535 = VERTEX_POINT('',#536);
#536 = CARTESIAN_POINT('',(-7.150000002234,14.05,2.199999955297));
#537 = LINE('',#538,#539);
#538 = CARTESIAN_POINT('',(-9.950000002234,14.05,2.199999955297));
#539 = VECTOR('',#540,1.);
#540 = DIRECTION('',(-1.,0.,1.211552903857E-16));
#541 = ORIENTED_EDGE('',*,*,#542,.F.);
#542 = EDGE_CURVE('',#517,#535,#543,.T.);
#543 = LINE('',#544,#545);
#544 = CARTESIAN_POINT('',(-7.150000002234,4.999999999997E-02,
    2.199999955297));
#545 = VECTOR('',#546,1.);
#546 = DIRECTION('',(0.,1.,0.));
#547 = PLANE('',#548);
#548 = AXIS2_PLACEMENT_3D('',#549,#550,#551);
#549 = CARTESIAN_POINT('',(-7.150000002234,4.999999999997E-02,
    2.199999955297));
#550 = DIRECTION('',(-1.211552903857E-16,0.,-1.));
#551 = DIRECTION('',(-1.,0.,1.211552903857E-16));
#552 = ADVANCED_FACE('',(#553),#578,.T.);
#553 = FACE_BOUND('',#554,.T.);
#554 = EDGE_LOOP('',(#555,#563,#564,#572));
#555 = ORIENTED_EDGE('',*,*,#556,.F.);
#556 = EDGE_CURVE('',#517,#557,#559,.T.);
#557 = VERTEX_POINT('',#558);
#558 = CARTESIAN_POINT('',(-7.150000003302,4.999999999997E-02,
    2.800000006336));
#559 = LINE('',#560,#561);
#560 = CARTESIAN_POINT('',(-7.150000002234,4.999999999997E-02,
    2.199999955297));
#561 = VECTOR('',#562,1.);
#562 = DIRECTION('',(-1.779696608942E-09,0.,1.));
#563 = ORIENTED_EDGE('',*,*,#542,.T.);
#564 = ORIENTED_EDGE('',*,*,#565,.F.);
#565 = EDGE_CURVE('',#566,#535,#568,.T.);
#566 = VERTEX_POINT('',#567);
#567 = CARTESIAN_POINT('',(-7.150000003302,14.05,2.800000006336));
#568 = LINE('',#569,#570);
#569 = CARTESIAN_POINT('',(-7.150000002234,14.05,2.199999955297));
#570 = VECTOR('',#571,1.);
#571 = DIRECTION('',(1.779696608942E-09,0.,-1.));
#572 = ORIENTED_EDGE('',*,*,#573,.F.);
#573 = EDGE_CURVE('',#557,#566,#574,.T.);
#574 = LINE('',#575,#576);
#575 = CARTESIAN_POINT('',(-7.150000003302,4.999999999997E-02,
    2.800000006336));
#576 = VECTOR('',#577,1.);
#577 = DIRECTION('',(0.,1.,0.));
#578 = PLANE('',#579);
#579 = AXIS2_PLACEMENT_3D('',#580,#581,#582);
#580 = CARTESIAN_POINT('',(-7.150000003302,4.999999999997E-02,
    2.800000006336));
#581 = DIRECTION('',(1.,0.,1.779696608942E-09));
#582 = DIRECTION('',(1.779696608942E-09,0.,-1.));
#583 = ADVANCED_FACE('',(#584),#609,.T.);
#584 = FACE_BOUND('',#585,.T.);
#585 = EDGE_LOOP('',(#586,#594,#595,#603));
#586 = ORIENTED_EDGE('',*,*,#587,.T.);
#587 = EDGE_CURVE('',#588,#557,#590,.T.);
#588 = VERTEX_POINT('',#589);
#589 = CARTESIAN_POINT('',(-10.71000002526,4.999999999997E-02,2.8));
#590 = LINE('',#591,#592);
#591 = CARTESIAN_POINT('',(-10.71000002526,4.999999999997E-02,2.8));
#592 = VECTOR('',#593,1.);
#593 = DIRECTION('',(1.,0.,1.779695761794E-09));
#594 = ORIENTED_EDGE('',*,*,#573,.T.);
#595 = ORIENTED_EDGE('',*,*,#596,.F.);
#596 = EDGE_CURVE('',#597,#566,#599,.T.);
#597 = VERTEX_POINT('',#598);
#598 = CARTESIAN_POINT('',(-10.71000002526,14.05,2.8));
#599 = LINE('',#600,#601);
#600 = CARTESIAN_POINT('',(-10.71000002526,14.05,2.8));
#601 = VECTOR('',#602,1.);
#602 = DIRECTION('',(1.,0.,1.779695761794E-09));
#603 = ORIENTED_EDGE('',*,*,#604,.F.);
#604 = EDGE_CURVE('',#588,#597,#605,.T.);
#605 = LINE('',#606,#607);
#606 = CARTESIAN_POINT('',(-10.71000002526,4.999999999997E-02,2.8));
#607 = VECTOR('',#608,1.);
#608 = DIRECTION('',(0.,1.,0.));
#609 = PLANE('',#610);
#610 = AXIS2_PLACEMENT_3D('',#611,#612,#613);
#611 = CARTESIAN_POINT('',(-10.71000002526,4.999999999997E-02,2.8));
#612 = DIRECTION('',(-1.779695761794E-09,0.,1.));
#613 = DIRECTION('',(1.,0.,1.779695761794E-09));
#614 = ADVANCED_FACE('',(#615),#640,.T.);
#615 = FACE_BOUND('',#616,.T.);
#616 = EDGE_LOOP('',(#617,#625,#626,#634));
#617 = ORIENTED_EDGE('',*,*,#618,.F.);
#618 = EDGE_CURVE('',#588,#619,#621,.T.);
#619 = VERTEX_POINT('',#620);
#620 = CARTESIAN_POINT('',(-35.15000002526,4.999999999997E-02,2.8));
#621 = LINE('',#622,#623);
#622 = CARTESIAN_POINT('',(-10.71000002526,4.999999999997E-02,2.8));
#623 = VECTOR('',#624,1.);
#624 = DIRECTION('',(-1.,0.,0.));
#625 = ORIENTED_EDGE('',*,*,#604,.T.);
#626 = ORIENTED_EDGE('',*,*,#627,.F.);
#627 = EDGE_CURVE('',#628,#597,#630,.T.);
#628 = VERTEX_POINT('',#629);
#629 = CARTESIAN_POINT('',(-35.15000002526,14.05,2.8));
#630 = LINE('',#631,#632);
#631 = CARTESIAN_POINT('',(-10.71000002526,14.05,2.8));
#632 = VECTOR('',#633,1.);
#633 = DIRECTION('',(1.,0.,0.));
#634 = ORIENTED_EDGE('',*,*,#635,.F.);
#635 = EDGE_CURVE('',#619,#628,#636,.T.);
#636 = LINE('',#637,#638);
#637 = CARTESIAN_POINT('',(-35.15000002526,4.999999999997E-02,2.8));
#638 = VECTOR('',#639,1.);
#639 = DIRECTION('',(0.,1.,0.));
#640 = PLANE('',#641);
#641 = AXIS2_PLACEMENT_3D('',#642,#643,#644);
#642 = CARTESIAN_POINT('',(-35.15000002526,4.999999999997E-02,2.8));
#643 = DIRECTION('',(0.,0.,1.));
#644 = DIRECTION('',(1.,0.,-0.));
#645 = ADVANCED_FACE('',(#646),#662,.T.);
#646 = FACE_BOUND('',#647,.T.);
#647 = EDGE_LOOP('',(#648,#654,#655,#661));
#648 = ORIENTED_EDGE('',*,*,#649,.F.);
#649 = EDGE_CURVE('',#619,#519,#650,.T.);
#650 = LINE('',#651,#652);
#651 = CARTESIAN_POINT('',(-35.15000002526,4.999999999997E-02,3.));
#652 = VECTOR('',#653,1.);
#653 = DIRECTION('',(0.,0.,-1.));
#654 = ORIENTED_EDGE('',*,*,#635,.T.);
#655 = ORIENTED_EDGE('',*,*,#656,.F.);
#656 = EDGE_CURVE('',#527,#628,#657,.T.);
#657 = LINE('',#658,#659);
#658 = CARTESIAN_POINT('',(-35.15000002526,14.05,3.));
#659 = VECTOR('',#660,1.);
#660 = DIRECTION('',(0.,0.,1.));
#661 = ORIENTED_EDGE('',*,*,#526,.F.);
#662 = PLANE('',#663);
#663 = AXIS2_PLACEMENT_3D('',#664,#665,#666);
#664 = CARTESIAN_POINT('',(-35.15000002526,4.999999999997E-02,
    2.199999955297));
#665 = DIRECTION('',(-1.,0.,0.));
#666 = DIRECTION('',(0.,0.,1.));
#667 = ADVANCED_FACE('',(#668),#675,.T.);
#668 = FACE_BOUND('',#669,.T.);
#669 = EDGE_LOOP('',(#670,#671,#672,#673,#674));
#670 = ORIENTED_EDGE('',*,*,#649,.T.);
#671 = ORIENTED_EDGE('',*,*,#516,.F.);
#672 = ORIENTED_EDGE('',*,*,#556,.T.);
#673 = ORIENTED_EDGE('',*,*,#587,.F.);
#674 = ORIENTED_EDGE('',*,*,#618,.T.);
#675 = PLANE('',#676);
#676 = AXIS2_PLACEMENT_3D('',#677,#678,#679);
#677 = CARTESIAN_POINT('',(-21.15000001375,4.999999999997E-02,
    2.499999980816));
#678 = DIRECTION('',(0.,-1.,0.));
#679 = DIRECTION('',(1.,0.,0.));
#680 = ADVANCED_FACE('',(#681),#688,.T.);
#681 = FACE_BOUND('',#682,.T.);
#682 = EDGE_LOOP('',(#683,#684,#685,#686,#687));
#683 = ORIENTED_EDGE('',*,*,#656,.T.);
#684 = ORIENTED_EDGE('',*,*,#627,.T.);
#685 = ORIENTED_EDGE('',*,*,#596,.T.);
#686 = ORIENTED_EDGE('',*,*,#565,.T.);
#687 = ORIENTED_EDGE('',*,*,#534,.T.);
#688 = PLANE('',#689);
#689 = AXIS2_PLACEMENT_3D('',#690,#691,#692);
#690 = CARTESIAN_POINT('',(-21.15000001375,14.05,2.499999980816));
#691 = DIRECTION('',(0.,1.,0.));
#692 = DIRECTION('',(0.,-0.,1.));
#693 = ( GEOMETRIC_REPRESENTATION_CONTEXT(3) 
GLOBAL_UNCERTAINTY_ASSIGNED_CONTEXT((#697)) GLOBAL_UNIT_ASSIGNED_CONTEXT
((#694,#695,#696)) REPRESENTATION_CONTEXT('Context #1',
  '3D Context with UNIT and UNCERTAINTY') );
#694 = ( LENGTH_UNIT() NAMED_UNIT(*) SI_UNIT(.MILLI.,.METRE.) );
#695 = ( NAMED_UNIT(*) PLANE_ANGLE_UNIT() SI_UNIT($,.RADIAN.) );
#696 = ( NAMED_UNIT(*) SI_UNIT($,.STERADIAN.) SOLID_ANGLE_UNIT() );
#697 = UNCERTAINTY_MEASURE_WITH_UNIT(LENGTH_MEASURE(1.E-07),#694,
  'distance_accuracy_value','confusion accuracy');
#698 = CONTEXT_DEPENDENT_SHAPE_REPRESENTATION(#699,#701);
#699 = ( REPRESENTATION_RELATIONSHIP('','',#509,#10) 
REPRESENTATION_RELATIONSHIP_WITH_TRANSFORMATION(#700) 
SHAPE_REPRESENTATION_RELATIONSHIP() );
#700 = ITEM_DEFINED_TRANSFORMATION('','',#11,#19);
#701 = PRODUCT_DEFINITION_SHAPE('Placement','Placement of an item',#702
  );
#702 = NEXT_ASSEMBLY_USAGE_OCCURRENCE('14',
  '0.96" SSD1312 display module v002','',#5,#504,$);
#703 = PRODUCT_RELATED_PRODUCT_CATEGORY('part',$,(#506));
#704 = SHAPE_DEFINITION_REPRESENTATION(#705,#711);
#705 = PRODUCT_DEFINITION_SHAPE('','',#706);
#706 = PRODUCT_DEFINITION('design','',#707,#710);
#707 = PRODUCT_DEFINITION_FORMATION('','',#708);
#708 = PRODUCT('0.96" SSD1312 display module v003',
  '0.96" SSD1312 display module v003','',(#709));
#709 = PRODUCT_CONTEXT('',#2,'mechanical');
#710 = PRODUCT_DEFINITION_CONTEXT('part definition',#2,'design');
#711 = ADVANCED_BREP_SHAPE_REPRESENTATION('',(#11,#712),#862);
#712 = MANIFOLD_SOLID_BREP('',#713);
#713 = CLOSED_SHELL('',(#714,#754,#785,#816,#838,#850));
#714 = ADVANCED_FACE('',(#715),#749,.T.);
#715 = FACE_BOUND('',#716,.T.);
#716 = EDGE_LOOP('',(#717,#727,#735,#743));
#717 = ORIENTED_EDGE('',*,*,#718,.F.);
#718 = EDGE_CURVE('',#719,#721,#723,.T.);
#719 = VERTEX_POINT('',#720);
#720 = CARTESIAN_POINT('',(-9.950000002234,4.999999999997E-02,
    2.199999955297));
#721 = VERTEX_POINT('',#722);
#722 = CARTESIAN_POINT('',(-35.15000002526,4.999999999997E-02,
    2.199999955297));
#723 = LINE('',#724,#725);
#724 = CARTESIAN_POINT('',(-9.950000002234,4.999999999997E-02,
    2.199999955297));
#725 = VECTOR('',#726,1.);
#726 = DIRECTION('',(-1.,0.,1.211552903857E-16));
#727 = ORIENTED_EDGE('',*,*,#728,.T.);
#728 = EDGE_CURVE('',#719,#729,#731,.T.);
#729 = VERTEX_POINT('',#730);
#730 = CARTESIAN_POINT('',(-9.950000002234,14.05,2.199999955297));
#731 = LINE('',#732,#733);
#732 = CARTESIAN_POINT('',(-9.950000002234,4.999999999997E-02,
    2.199999955297));
#733 = VECTOR('',#734,1.);
#734 = DIRECTION('',(0.,1.,0.));
#735 = ORIENTED_EDGE('',*,*,#736,.F.);
#736 = EDGE_CURVE('',#737,#729,#739,.T.);
#737 = VERTEX_POINT('',#738);
#738 = CARTESIAN_POINT('',(-35.15000002526,14.05,2.199999955297));
#739 = LINE('',#740,#741);
#740 = CARTESIAN_POINT('',(-9.950000002234,14.05,2.199999955297));
#741 = VECTOR('',#742,1.);
#742 = DIRECTION('',(1.,0.,-1.211552903857E-16));
#743 = ORIENTED_EDGE('',*,*,#744,.F.);
#744 = EDGE_CURVE('',#721,#737,#745,.T.);
#745 = LINE('',#746,#747);
#746 = CARTESIAN_POINT('',(-35.15000002526,4.999999999997E-02,
    2.199999955297));
#747 = VECTOR('',#748,1.);
#748 = DIRECTION('',(0.,1.,0.));
#749 = PLANE('',#750);
#750 = AXIS2_PLACEMENT_3D('',#751,#752,#753);
#751 = CARTESIAN_POINT('',(-35.15000000223,4.999999999997E-02,
    2.199999955297));
#752 = DIRECTION('',(1.211552903857E-16,0.,1.));
#753 = DIRECTION('',(1.,0.,-1.211552903857E-16));
#754 = ADVANCED_FACE('',(#755),#780,.T.);
#755 = FACE_BOUND('',#756,.T.);
#756 = EDGE_LOOP('',(#757,#765,#766,#774));
#757 = ORIENTED_EDGE('',*,*,#758,.F.);
#758 = EDGE_CURVE('',#721,#759,#761,.T.);
#759 = VERTEX_POINT('',#760);
#760 = CARTESIAN_POINT('',(-35.15000002526,4.999999999997E-02,1.7));
#761 = LINE('',#762,#763);
#762 = CARTESIAN_POINT('',(-35.15000002526,4.999999999997E-02,3.));
#763 = VECTOR('',#764,1.);
#764 = DIRECTION('',(0.,0.,-1.));
#765 = ORIENTED_EDGE('',*,*,#744,.T.);
#766 = ORIENTED_EDGE('',*,*,#767,.F.);
#767 = EDGE_CURVE('',#768,#737,#770,.T.);
#768 = VERTEX_POINT('',#769);
#769 = CARTESIAN_POINT('',(-35.15000002526,14.05,1.7));
#770 = LINE('',#771,#772);
#771 = CARTESIAN_POINT('',(-35.15000002526,14.05,3.));
#772 = VECTOR('',#773,1.);
#773 = DIRECTION('',(0.,0.,1.));
#774 = ORIENTED_EDGE('',*,*,#775,.F.);
#775 = EDGE_CURVE('',#759,#768,#776,.T.);
#776 = LINE('',#777,#778);
#777 = CARTESIAN_POINT('',(-35.15000002526,4.999999999997E-02,1.7));
#778 = VECTOR('',#779,1.);
#779 = DIRECTION('',(0.,1.,0.));
#780 = PLANE('',#781);
#781 = AXIS2_PLACEMENT_3D('',#782,#783,#784);
#782 = CARTESIAN_POINT('',(-35.15000002526,4.999999999997E-02,1.7));
#783 = DIRECTION('',(-1.,0.,0.));
#784 = DIRECTION('',(0.,0.,1.));
#785 = ADVANCED_FACE('',(#786),#811,.T.);
#786 = FACE_BOUND('',#787,.T.);
#787 = EDGE_LOOP('',(#788,#796,#797,#805));
#788 = ORIENTED_EDGE('',*,*,#789,.F.);
#789 = EDGE_CURVE('',#759,#790,#792,.T.);
#790 = VERTEX_POINT('',#791);
#791 = CARTESIAN_POINT('',(-9.950000002234,4.999999999997E-02,1.7));
#792 = LINE('',#793,#794);
#793 = CARTESIAN_POINT('',(-35.15000002526,4.999999999997E-02,1.7));
#794 = VECTOR('',#795,1.);
#795 = DIRECTION('',(1.,0.,0.));
#796 = ORIENTED_EDGE('',*,*,#775,.T.);
#797 = ORIENTED_EDGE('',*,*,#798,.F.);
#798 = EDGE_CURVE('',#799,#768,#801,.T.);
#799 = VERTEX_POINT('',#800);
#800 = CARTESIAN_POINT('',(-9.950000002234,14.05,1.7));
#801 = LINE('',#802,#803);
#802 = CARTESIAN_POINT('',(-35.15000002526,14.05,1.7));
#803 = VECTOR('',#804,1.);
#804 = DIRECTION('',(-1.,0.,0.));
#805 = ORIENTED_EDGE('',*,*,#806,.F.);
#806 = EDGE_CURVE('',#790,#799,#807,.T.);
#807 = LINE('',#808,#809);
#808 = CARTESIAN_POINT('',(-9.950000002234,4.999999999997E-02,1.7));
#809 = VECTOR('',#810,1.);
#810 = DIRECTION('',(0.,1.,0.));
#811 = PLANE('',#812);
#812 = AXIS2_PLACEMENT_3D('',#813,#814,#815);
#813 = CARTESIAN_POINT('',(-9.950000002234,4.999999999997E-02,1.7));
#814 = DIRECTION('',(0.,0.,-1.));
#815 = DIRECTION('',(-1.,0.,0.));
#816 = ADVANCED_FACE('',(#817),#833,.T.);
#817 = FACE_BOUND('',#818,.T.);
#818 = EDGE_LOOP('',(#819,#825,#826,#832));
#819 = ORIENTED_EDGE('',*,*,#820,.F.);
#820 = EDGE_CURVE('',#790,#719,#821,.T.);
#821 = LINE('',#822,#823);
#822 = CARTESIAN_POINT('',(-9.950000002234,4.999999999997E-02,
    1.799999955297));
#823 = VECTOR('',#824,1.);
#824 = DIRECTION('',(0.,0.,1.));
#825 = ORIENTED_EDGE('',*,*,#806,.T.);
#826 = ORIENTED_EDGE('',*,*,#827,.F.);
#827 = EDGE_CURVE('',#729,#799,#828,.T.);
#828 = LINE('',#829,#830);
#829 = CARTESIAN_POINT('',(-9.950000002234,14.05,1.799999955297));
#830 = VECTOR('',#831,1.);
#831 = DIRECTION('',(0.,0.,-1.));
#832 = ORIENTED_EDGE('',*,*,#728,.F.);
#833 = PLANE('',#834);
#834 = AXIS2_PLACEMENT_3D('',#835,#836,#837);
#835 = CARTESIAN_POINT('',(-9.950000002234,4.999999999997E-02,
    2.199999955297));
#836 = DIRECTION('',(1.,0.,0.));
#837 = DIRECTION('',(0.,0.,-1.));
#838 = ADVANCED_FACE('',(#839),#845,.T.);
#839 = FACE_BOUND('',#840,.T.);
#840 = EDGE_LOOP('',(#841,#842,#843,#844));
#841 = ORIENTED_EDGE('',*,*,#820,.T.);
#842 = ORIENTED_EDGE('',*,*,#718,.T.);
#843 = ORIENTED_EDGE('',*,*,#758,.T.);
#844 = ORIENTED_EDGE('',*,*,#789,.T.);
#845 = PLANE('',#846);
#846 = AXIS2_PLACEMENT_3D('',#847,#848,#849);
#847 = CARTESIAN_POINT('',(-22.55000001375,4.999999999997E-02,
    1.949999977648));
#848 = DIRECTION('',(0.,-1.,0.));
#849 = DIRECTION('',(1.,0.,0.));
#850 = ADVANCED_FACE('',(#851),#857,.T.);
#851 = FACE_BOUND('',#852,.T.);
#852 = EDGE_LOOP('',(#853,#854,#855,#856));
#853 = ORIENTED_EDGE('',*,*,#827,.T.);
#854 = ORIENTED_EDGE('',*,*,#798,.T.);
#855 = ORIENTED_EDGE('',*,*,#767,.T.);
#856 = ORIENTED_EDGE('',*,*,#736,.T.);
#857 = PLANE('',#858);
#858 = AXIS2_PLACEMENT_3D('',#859,#860,#861);
#859 = CARTESIAN_POINT('',(-22.55000001375,14.05,1.949999977648));
#860 = DIRECTION('',(0.,1.,0.));
#861 = DIRECTION('',(0.,-0.,1.));
#862 = ( GEOMETRIC_REPRESENTATION_CONTEXT(3) 
GLOBAL_UNCERTAINTY_ASSIGNED_CONTEXT((#866)) GLOBAL_UNIT_ASSIGNED_CONTEXT
((#863,#864,#865)) REPRESENTATION_CONTEXT('Context #1',
  '3D Context with UNIT and UNCERTAINTY') );
#863 = ( LENGTH_UNIT() NAMED_UNIT(*) SI_UNIT(.MILLI.,.METRE.) );
#864 = ( NAMED_UNIT(*) PLANE_ANGLE_UNIT() SI_UNIT($,.RADIAN.) );
#865 = ( NAMED_UNIT(*) SI_UNIT($,.STERADIAN.) SOLID_ANGLE_UNIT() );
#866 = UNCERTAINTY_MEASURE_WITH_UNIT(LENGTH_MEASURE(1.E-07),#863,
  'distance_accuracy_value','confusion accuracy');
#867 = CONTEXT_DEPENDENT_SHAPE_REPRESENTATION(#868,#870);
#868 = ( REPRESENTATION_RELATIONSHIP('','',#711,#10) 
REPRESENTATION_RELATIONSHIP_WITH_TRANSFORMATION(#869) 
SHAPE_REPRESENTATION_RELATIONSHIP() );
#869 = ITEM_DEFINED_TRANSFORMATION('','',#11,#23);
#870 = PRODUCT_DEFINITION_SHAPE('Placement','Placement of an item',#871
  );
#871 = NEXT_ASSEMBLY_USAGE_OCCURRENCE('15',
  '0.96" SSD1312 display module v003','',#5,#706,$);
#872 = PRODUCT_RELATED_PRODUCT_CATEGORY('part',$,(#708));
#873 = SHAPE_DEFINITION_REPRESENTATION(#874,#880);
#874 = PRODUCT_DEFINITION_SHAPE('','',#875);
#875 = PRODUCT_DEFINITION('design','',#876,#879);
#876 = PRODUCT_DEFINITION_FORMATION('','',#877);
#877 = PRODUCT('0.96" SSD1312 display module v004',
  '0.96" SSD1312 display module v004','',(#878));
#878 = PRODUCT_CONTEXT('',#2,'mechanical');
#879 = PRODUCT_DEFINITION_CONTEXT('part definition',#2,'design');
#880 = ADVANCED_BREP_SHAPE_REPRESENTATION('',(#11,#881),#1031);
#881 = MANIFOLD_SOLID_BREP('',#882);
#882 = CLOSED_SHELL('',(#883,#923,#954,#985,#1007,#1019));
#883 = ADVANCED_FACE('',(#884),#918,.T.);
#884 = FACE_BOUND('',#885,.T.);
#885 = EDGE_LOOP('',(#886,#896,#904,#912));
#886 = ORIENTED_EDGE('',*,*,#887,.F.);
#887 = EDGE_CURVE('',#888,#890,#892,.T.);
#888 = VERTEX_POINT('',#889);
#889 = CARTESIAN_POINT('',(-9.952270188216,4.999999999997E-02,
    1.700005109067));
#890 = VERTEX_POINT('',#891);
#891 = CARTESIAN_POINT('',(-7.152600245616,4.999999999997E-02,
    2.099999955297));
#892 = LINE('',#893,#894);
#893 = CARTESIAN_POINT('',(-9.952270188216,4.999999999997E-02,
    1.700005109067));
#894 = VECTOR('',#895,1.);
#895 = DIRECTION('',(0.989947414554,0.,0.141435909224));
#896 = ORIENTED_EDGE('',*,*,#897,.T.);
#897 = EDGE_CURVE('',#888,#898,#900,.T.);
#898 = VERTEX_POINT('',#899);
#899 = CARTESIAN_POINT('',(-9.952270188216,14.05,1.700005109067));
#900 = LINE('',#901,#902);
#901 = CARTESIAN_POINT('',(-9.952270188216,4.999999999997E-02,
    1.700005109067));
#902 = VECTOR('',#903,1.);
#903 = DIRECTION('',(0.,1.,0.));
#904 = ORIENTED_EDGE('',*,*,#905,.F.);
#905 = EDGE_CURVE('',#906,#898,#908,.T.);
#906 = VERTEX_POINT('',#907);
#907 = CARTESIAN_POINT('',(-7.152600245616,14.05,2.099999955297));
#908 = LINE('',#909,#910);
#909 = CARTESIAN_POINT('',(-9.952270188216,14.05,1.700005109067));
#910 = VECTOR('',#911,1.);
#911 = DIRECTION('',(-0.989947414554,0.,-0.141435909224));
#912 = ORIENTED_EDGE('',*,*,#913,.F.);
#913 = EDGE_CURVE('',#890,#906,#914,.T.);
#914 = LINE('',#915,#916);
#915 = CARTESIAN_POINT('',(-7.152600245616,4.999999999997E-02,
    2.099999955297));
#916 = VECTOR('',#917,1.);
#917 = DIRECTION('',(0.,1.,0.));
#918 = PLANE('',#919);
#919 = AXIS2_PLACEMENT_3D('',#920,#921,#922);
#920 = CARTESIAN_POINT('',(-7.152600245616,4.999999999997E-02,
    2.099999955297));
#921 = DIRECTION('',(0.141435909224,0.,-0.989947414554));
#922 = DIRECTION('',(-0.989947414554,0.,-0.141435909224));
#923 = ADVANCED_FACE('',(#924),#949,.T.);
#924 = FACE_BOUND('',#925,.T.);
#925 = EDGE_LOOP('',(#926,#934,#935,#943));
#926 = ORIENTED_EDGE('',*,*,#927,.F.);
#927 = EDGE_CURVE('',#890,#928,#930,.T.);
#928 = VERTEX_POINT('',#929);
#929 = CARTESIAN_POINT('',(-9.950000002234,4.999999999997E-02,
    2.099999955297));
#930 = LINE('',#931,#932);
#931 = CARTESIAN_POINT('',(-7.152600245616,4.999999999997E-02,
    2.099999955297));
#932 = VECTOR('',#933,1.);
#933 = DIRECTION('',(-1.,0.,-1.98438393011E-16));
#934 = ORIENTED_EDGE('',*,*,#913,.T.);
#935 = ORIENTED_EDGE('',*,*,#936,.F.);
#936 = EDGE_CURVE('',#937,#906,#939,.T.);
#937 = VERTEX_POINT('',#938);
#938 = CARTESIAN_POINT('',(-9.950000002234,14.05,2.099999955297));
#939 = LINE('',#940,#941);
#940 = CARTESIAN_POINT('',(-7.152600245616,14.05,2.099999955297));
#941 = VECTOR('',#942,1.);
#942 = DIRECTION('',(1.,0.,1.98438393011E-16));
#943 = ORIENTED_EDGE('',*,*,#944,.F.);
#944 = EDGE_CURVE('',#928,#937,#945,.T.);
#945 = LINE('',#946,#947);
#946 = CARTESIAN_POINT('',(-9.950000002234,4.999999999997E-02,
    2.099999955297));
#947 = VECTOR('',#948,1.);
#948 = DIRECTION('',(0.,1.,0.));
#949 = PLANE('',#950);
#950 = AXIS2_PLACEMENT_3D('',#951,#952,#953);
#951 = CARTESIAN_POINT('',(-9.950000002234,4.999999999997E-02,
    2.099999955297));
#952 = DIRECTION('',(-1.98438393011E-16,0.,1.));
#953 = DIRECTION('',(1.,0.,1.98438393011E-16));
#954 = ADVANCED_FACE('',(#955),#980,.T.);
#955 = FACE_BOUND('',#956,.T.);
#956 = EDGE_LOOP('',(#957,#965,#966,#974));
#957 = ORIENTED_EDGE('',*,*,#958,.T.);
#958 = EDGE_CURVE('',#959,#928,#961,.T.);
#959 = VERTEX_POINT('',#960);
#960 = CARTESIAN_POINT('',(-9.950000002234,4.999999999997E-02,
    1.799902752355));
#961 = LINE('',#962,#963);
#962 = CARTESIAN_POINT('',(-9.950000002234,4.999999999997E-02,
    1.799902752355));
#963 = VECTOR('',#964,1.);
#964 = DIRECTION('',(0.,0.,1.));
#965 = ORIENTED_EDGE('',*,*,#944,.T.);
#966 = ORIENTED_EDGE('',*,*,#967,.F.);
#967 = EDGE_CURVE('',#968,#937,#970,.T.);
#968 = VERTEX_POINT('',#969);
#969 = CARTESIAN_POINT('',(-9.950000002234,14.05,1.799902752355));
#970 = LINE('',#971,#972);
#971 = CARTESIAN_POINT('',(-9.950000002234,14.05,1.799902752355));
#972 = VECTOR('',#973,1.);
#973 = DIRECTION('',(0.,0.,1.));
#974 = ORIENTED_EDGE('',*,*,#975,.F.);
#975 = EDGE_CURVE('',#959,#968,#976,.T.);
#976 = LINE('',#977,#978);
#977 = CARTESIAN_POINT('',(-9.950000002234,4.999999999997E-02,
    1.799902752355));
#978 = VECTOR('',#979,1.);
#979 = DIRECTION('',(0.,1.,0.));
#980 = PLANE('',#981);
#981 = AXIS2_PLACEMENT_3D('',#982,#983,#984);
#982 = CARTESIAN_POINT('',(-9.950000002234,4.999999999997E-02,
    1.799902752355));
#983 = DIRECTION('',(-1.,0.,0.));
#984 = DIRECTION('',(0.,0.,1.));
#985 = ADVANCED_FACE('',(#986),#1002,.T.);
#986 = FACE_BOUND('',#987,.T.);
#987 = EDGE_LOOP('',(#988,#994,#995,#1001));
#988 = ORIENTED_EDGE('',*,*,#989,.F.);
#989 = EDGE_CURVE('',#959,#888,#990,.T.);
#990 = LINE('',#991,#992);
#991 = CARTESIAN_POINT('',(-9.950000002234,4.999999999997E-02,
    1.799902752355));
#992 = VECTOR('',#993,1.);
#993 = DIRECTION('',(-2.271925479919E-02,0.,-0.999741884419));
#994 = ORIENTED_EDGE('',*,*,#975,.T.);
#995 = ORIENTED_EDGE('',*,*,#996,.F.);
#996 = EDGE_CURVE('',#898,#968,#997,.T.);
#997 = LINE('',#998,#999);
#998 = CARTESIAN_POINT('',(-9.950000002234,14.05,1.799902752355));
#999 = VECTOR('',#1000,1.);
#1000 = DIRECTION('',(2.271925479919E-02,0.,0.999741884419));
#1001 = ORIENTED_EDGE('',*,*,#897,.F.);
#1002 = PLANE('',#1003);
#1003 = AXIS2_PLACEMENT_3D('',#1004,#1005,#1006);
#1004 = CARTESIAN_POINT('',(-9.952270188216,4.999999999997E-02,
    1.700005109067));
#1005 = DIRECTION('',(-0.999741884419,0.,2.271925479919E-02));
#1006 = DIRECTION('',(2.271925479919E-02,0.,0.999741884419));
#1007 = ADVANCED_FACE('',(#1008),#1014,.T.);
#1008 = FACE_BOUND('',#1009,.T.);
#1009 = EDGE_LOOP('',(#1010,#1011,#1012,#1013));
#1010 = ORIENTED_EDGE('',*,*,#989,.T.);
#1011 = ORIENTED_EDGE('',*,*,#887,.T.);
#1012 = ORIENTED_EDGE('',*,*,#927,.T.);
#1013 = ORIENTED_EDGE('',*,*,#958,.F.);
#1014 = PLANE('',#1015);
#1015 = AXIS2_PLACEMENT_3D('',#1016,#1017,#1018);
#1016 = CARTESIAN_POINT('',(-8.552435216916,4.999999999997E-02,
    1.900002532182));
#1017 = DIRECTION('',(0.,-1.,0.));
#1018 = DIRECTION('',(1.,0.,0.));
#1019 = ADVANCED_FACE('',(#1020),#1026,.T.);
#1020 = FACE_BOUND('',#1021,.T.);
#1021 = EDGE_LOOP('',(#1022,#1023,#1024,#1025));
#1022 = ORIENTED_EDGE('',*,*,#996,.T.);
#1023 = ORIENTED_EDGE('',*,*,#967,.T.);
#1024 = ORIENTED_EDGE('',*,*,#936,.T.);
#1025 = ORIENTED_EDGE('',*,*,#905,.T.);
#1026 = PLANE('',#1027);
#1027 = AXIS2_PLACEMENT_3D('',#1028,#1029,#1030);
#1028 = CARTESIAN_POINT('',(-8.552435216916,14.05,1.900002532182));
#1029 = DIRECTION('',(0.,1.,0.));
#1030 = DIRECTION('',(0.,-0.,1.));
#1031 = ( GEOMETRIC_REPRESENTATION_CONTEXT(3) 
GLOBAL_UNCERTAINTY_ASSIGNED_CONTEXT((#1035)) 
GLOBAL_UNIT_ASSIGNED_CONTEXT((#1032,#1033,#1034)) REPRESENTATION_CONTEXT
('Context #1','3D Context with UNIT and UNCERTAINTY') );
#1032 = ( LENGTH_UNIT() NAMED_UNIT(*) SI_UNIT(.MILLI.,.METRE.) );
#1033 = ( NAMED_UNIT(*) PLANE_ANGLE_UNIT() SI_UNIT($,.RADIAN.) );
#1034 = ( NAMED_UNIT(*) SI_UNIT($,.STERADIAN.) SOLID_ANGLE_UNIT() );
#1035 = UNCERTAINTY_MEASURE_WITH_UNIT(LENGTH_MEASURE(1.E-07),#1032,
  'distance_accuracy_value','confusion accuracy');
#1036 = CONTEXT_DEPENDENT_SHAPE_REPRESENTATION(#1037,#1039);
#1037 = ( REPRESENTATION_RELATIONSHIP('','',#880,#10) 
REPRESENTATION_RELATIONSHIP_WITH_TRANSFORMATION(#1038) 
SHAPE_REPRESENTATION_RELATIONSHIP() );
#1038 = ITEM_DEFINED_TRANSFORMATION('','',#11,#27);
#1039 = PRODUCT_DEFINITION_SHAPE('Placement','Placement of an item',
  #1040);
#1040 = NEXT_ASSEMBLY_USAGE_OCCURRENCE('16',
  '0.96" SSD1312 display module v004','',#5,#875,$);
#1041 = PRODUCT_RELATED_PRODUCT_CATEGORY('part',$,(#877));
#1042 = SHAPE_DEFINITION_REPRESENTATION(#1043,#1049);
#1043 = PRODUCT_DEFINITION_SHAPE('','',#1044);
#1044 = PRODUCT_DEFINITION('design','',#1045,#1048);
#1045 = PRODUCT_DEFINITION_FORMATION('','',#1046);
#1046 = PRODUCT('0.96" SSD1312 display module v005',
  '0.96" SSD1312 display module v005','',(#1047));
#1047 = PRODUCT_CONTEXT('',#2,'mechanical');
#1048 = PRODUCT_DEFINITION_CONTEXT('part definition',#2,'design');
#1049 = ADVANCED_BREP_SHAPE_REPRESENTATION('',(#11,#1050),#2330);
#1050 = MANIFOLD_SOLID_BREP('',#1051);
#1051 = CLOSED_SHELL('',(#1052,#1094,#1159,#1201,#1232,#1274,#1305,#1380
    ,#1398,#1430,#1454,#1479,#1496,#1513,#1554,#1594,#1634,#1667,#1700,
    #1733,#1764,#1797,#1828,#1852,#1885,#1916,#1949,#1980,#2013,#2044,
    #2066,#2097,#2164,#2188,#2221,#2248,#2260,#2277,#2316));
#1052 = ADVANCED_FACE('',(#1053),#1089,.F.);
#1053 = FACE_BOUND('',#1054,.F.);
#1054 = EDGE_LOOP('',(#1055,#1065,#1074,#1082));
#1055 = ORIENTED_EDGE('',*,*,#1056,.F.);
#1056 = EDGE_CURVE('',#1057,#1059,#1061,.T.);
#1057 = VERTEX_POINT('',#1058);
#1058 = CARTESIAN_POINT('',(-7.650000002234,2.15,2.199999955297));
#1059 = VERTEX_POINT('',#1060);
#1060 = CARTESIAN_POINT('',(-7.650000002234,2.15,2.099999955297));
#1061 = LINE('',#1062,#1063);
#1062 = CARTESIAN_POINT('',(-7.650000002234,2.15,2.127716269874));
#1063 = VECTOR('',#1064,1.);
#1064 = DIRECTION('',(0.,0.,-1.));
#1065 = ORIENTED_EDGE('',*,*,#1066,.F.);
#1066 = EDGE_CURVE('',#1067,#1057,#1069,.T.);
#1067 = VERTEX_POINT('',#1068);
#1068 = CARTESIAN_POINT('',(-7.400000002234,2.4,2.199999955297));
#1069 = CIRCLE('',#1070,0.25);
#1070 = AXIS2_PLACEMENT_3D('',#1071,#1072,#1073);
#1071 = CARTESIAN_POINT('',(-7.400000002234,2.15,2.199999955297));
#1072 = DIRECTION('',(1.387778780781E-16,5.381144576325E-33,1.));
#1073 = DIRECTION('',(-0.707106781187,0.707106781187,9.813077866774E-17)
  );
#1074 = ORIENTED_EDGE('',*,*,#1075,.F.);
#1075 = EDGE_CURVE('',#1076,#1067,#1078,.T.);
#1076 = VERTEX_POINT('',#1077);
#1077 = CARTESIAN_POINT('',(-7.400000002234,2.4,2.099999955297));
#1078 = LINE('',#1079,#1080);
#1079 = CARTESIAN_POINT('',(-7.400000002234,2.4,2.127716269874));
#1080 = VECTOR('',#1081,1.);
#1081 = DIRECTION('',(0.,0.,1.));
#1082 = ORIENTED_EDGE('',*,*,#1083,.F.);
#1083 = EDGE_CURVE('',#1059,#1076,#1084,.T.);
#1084 = CIRCLE('',#1085,0.25);
#1085 = AXIS2_PLACEMENT_3D('',#1086,#1087,#1088);
#1086 = CARTESIAN_POINT('',(-7.400000002234,2.15,2.099999955297));
#1087 = DIRECTION('',(1.98438393011E-16,-6.889488497961E-33,-1.));
#1088 = DIRECTION('',(-0.707106781187,0.707106781187,-1.403171333458E-16
    ));
#1089 = CYLINDRICAL_SURFACE('',#1090,0.25);
#1090 = AXIS2_PLACEMENT_3D('',#1091,#1092,#1093);
#1091 = CARTESIAN_POINT('',(-7.400000002234,2.15,2.127716269874));
#1092 = DIRECTION('',(0.,0.,1.));
#1093 = DIRECTION('',(-0.707106781187,0.707106781187,0.));
#1094 = ADVANCED_FACE('',(#1095),#1154,.T.);
#1095 = FACE_BOUND('',#1096,.T.);
#1096 = EDGE_LOOP('',(#1097,#1098,#1106,#1115,#1123,#1131,#1139,#1148));
#1097 = ORIENTED_EDGE('',*,*,#1075,.F.);
#1098 = ORIENTED_EDGE('',*,*,#1099,.F.);
#1099 = EDGE_CURVE('',#1100,#1076,#1102,.T.);
#1100 = VERTEX_POINT('',#1101);
#1101 = CARTESIAN_POINT('',(-5.152600191565,2.4,2.099999955297));
#1102 = LINE('',#1103,#1104);
#1103 = CARTESIAN_POINT('',(-7.152600245616,2.4,2.099999955297));
#1104 = VECTOR('',#1105,1.);
#1105 = DIRECTION('',(-1.,0.,-1.98438393011E-16));
#1106 = ORIENTED_EDGE('',*,*,#1107,.F.);
#1107 = EDGE_CURVE('',#1108,#1100,#1110,.T.);
#1108 = VERTEX_POINT('',#1109);
#1109 = CARTESIAN_POINT('',(-5.152600191561,2.4,1.299999955293));
#1110 = CIRCLE('',#1111,0.400000000002);
#1111 = AXIS2_PLACEMENT_3D('',#1112,#1113,#1114);
#1112 = CARTESIAN_POINT('',(-5.152600191565,2.4,1.699999955295));
#1113 = DIRECTION('',(0.,-1.,0.));
#1114 = DIRECTION('',(1.208477762299E-11,0.,-1.));
#1115 = ORIENTED_EDGE('',*,*,#1116,.T.);
#1116 = EDGE_CURVE('',#1108,#1117,#1119,.T.);
#1117 = VERTEX_POINT('',#1118);
#1118 = CARTESIAN_POINT('',(-12.50514940252,2.4,1.299999955202));
#1119 = LINE('',#1120,#1121);
#1120 = CARTESIAN_POINT('',(-5.152600191561,2.4,1.299999955293));
#1121 = VECTOR('',#1122,1.);
#1122 = DIRECTION('',(-1.,0.,-1.236473853927E-11));
#1123 = ORIENTED_EDGE('',*,*,#1124,.T.);
#1124 = EDGE_CURVE('',#1117,#1125,#1127,.T.);
#1125 = VERTEX_POINT('',#1126);
#1126 = CARTESIAN_POINT('',(-12.50514940252,2.4,1.1999999552));
#1127 = LINE('',#1128,#1129);
#1128 = CARTESIAN_POINT('',(-12.50514940252,2.4,1.2));
#1129 = VECTOR('',#1130,1.);
#1130 = DIRECTION('',(0.,0.,-1.));
#1131 = ORIENTED_EDGE('',*,*,#1132,.T.);
#1132 = EDGE_CURVE('',#1125,#1133,#1135,.T.);
#1133 = VERTEX_POINT('',#1134);
#1134 = CARTESIAN_POINT('',(-5.152596736055,2.4,1.199999955293));
#1135 = LINE('',#1136,#1137);
#1136 = CARTESIAN_POINT('',(-18.00393913838,2.4,1.199999955134));
#1137 = VECTOR('',#1138,1.);
#1138 = DIRECTION('',(1.,0.,1.208084870134E-11));
#1139 = ORIENTED_EDGE('',*,*,#1140,.T.);
#1140 = EDGE_CURVE('',#1133,#1141,#1143,.T.);
#1141 = VERTEX_POINT('',#1142);
#1142 = CARTESIAN_POINT('',(-5.152600245616,2.4,2.199999955297));
#1143 = CIRCLE('',#1144,0.500000000015);
#1144 = AXIS2_PLACEMENT_3D('',#1145,#1146,#1147);
#1145 = CARTESIAN_POINT('',(-5.152600191565,2.4,1.699999955297));
#1146 = DIRECTION('',(0.,-1.,0.));
#1147 = DIRECTION('',(5.445666606377E-06,0.,-0.999999999985));
#1148 = ORIENTED_EDGE('',*,*,#1149,.T.);
#1149 = EDGE_CURVE('',#1141,#1067,#1150,.T.);
#1150 = LINE('',#1151,#1152);
#1151 = CARTESIAN_POINT('',(-5.152600245616,2.4,2.199999955297));
#1152 = VECTOR('',#1153,1.);
#1153 = DIRECTION('',(-1.,0.,1.387778780781E-16));
#1154 = PLANE('',#1155);
#1155 = AXIS2_PLACEMENT_3D('',#1156,#1157,#1158);
#1156 = CARTESIAN_POINT('',(-11.27790388704,2.4,2.055432584451));
#1157 = DIRECTION('',(0.,-1.,0.));
#1158 = DIRECTION('',(1.,0.,0.));
#1159 = ADVANCED_FACE('',(#1160),#1196,.F.);
#1160 = FACE_BOUND('',#1161,.F.);
#1161 = EDGE_LOOP('',(#1162,#1172,#1181,#1189));
#1162 = ORIENTED_EDGE('',*,*,#1163,.F.);
#1163 = EDGE_CURVE('',#1164,#1166,#1168,.T.);
#1164 = VERTEX_POINT('',#1165);
#1165 = CARTESIAN_POINT('',(-7.400000002234,11.7,2.199999955297));
#1166 = VERTEX_POINT('',#1167);
#1167 = CARTESIAN_POINT('',(-7.400000002234,11.7,2.099999955297));
#1168 = LINE('',#1169,#1170);
#1169 = CARTESIAN_POINT('',(-7.400000002234,11.7,2.127716269874));
#1170 = VECTOR('',#1171,1.);
#1171 = DIRECTION('',(0.,0.,-1.));
#1172 = ORIENTED_EDGE('',*,*,#1173,.F.);
#1173 = EDGE_CURVE('',#1174,#1164,#1176,.T.);
#1174 = VERTEX_POINT('',#1175);
#1175 = CARTESIAN_POINT('',(-7.650000002234,11.95,2.199999955297));
#1176 = CIRCLE('',#1177,0.25);
#1177 = AXIS2_PLACEMENT_3D('',#1178,#1179,#1180);
#1178 = CARTESIAN_POINT('',(-7.400000002234,11.95,2.199999955297));
#1179 = DIRECTION('',(1.387778780781E-16,-6.812391230274E-33,1.));
#1180 = DIRECTION('',(-0.707106781187,-0.707106781187,9.813077866774E-17
    ));
#1181 = ORIENTED_EDGE('',*,*,#1182,.F.);
#1182 = EDGE_CURVE('',#1183,#1174,#1185,.T.);
#1183 = VERTEX_POINT('',#1184);
#1184 = CARTESIAN_POINT('',(-7.650000002234,11.95,2.099999955297));
#1185 = LINE('',#1186,#1187);
#1186 = CARTESIAN_POINT('',(-7.650000002234,11.95,2.127716269874));
#1187 = VECTOR('',#1188,1.);
#1188 = DIRECTION('',(0.,0.,1.));
#1189 = ORIENTED_EDGE('',*,*,#1190,.F.);
#1190 = EDGE_CURVE('',#1166,#1183,#1191,.T.);
#1191 = CIRCLE('',#1192,0.25);
#1192 = AXIS2_PLACEMENT_3D('',#1193,#1194,#1195);
#1193 = CARTESIAN_POINT('',(-7.400000002234,11.95,2.099999955297));
#1194 = DIRECTION('',(1.98438393011E-16,-5.19511196024E-33,-1.));
#1195 = DIRECTION('',(-0.707106781187,-0.707106781187,
    -1.403171333458E-16));
#1196 = CYLINDRICAL_SURFACE('',#1197,0.25);
#1197 = AXIS2_PLACEMENT_3D('',#1198,#1199,#1200);
#1198 = CARTESIAN_POINT('',(-7.400000002234,11.95,2.127716269874));
#1199 = DIRECTION('',(0.,0.,1.));
#1200 = DIRECTION('',(-0.707106781187,-0.707106781187,0.));
#1201 = ADVANCED_FACE('',(#1202),#1227,.T.);
#1202 = FACE_BOUND('',#1203,.T.);
#1203 = EDGE_LOOP('',(#1204,#1205,#1213,#1221));
#1204 = ORIENTED_EDGE('',*,*,#1182,.F.);
#1205 = ORIENTED_EDGE('',*,*,#1206,.T.);
#1206 = EDGE_CURVE('',#1183,#1207,#1209,.T.);
#1207 = VERTEX_POINT('',#1208);
#1208 = CARTESIAN_POINT('',(-7.650000002234,13.002,2.099999955297));
#1209 = LINE('',#1210,#1211);
#1210 = CARTESIAN_POINT('',(-7.650000002234,0.852,2.099999955297));
#1211 = VECTOR('',#1212,1.);
#1212 = DIRECTION('',(0.,1.,0.));
#1213 = ORIENTED_EDGE('',*,*,#1214,.F.);
#1214 = EDGE_CURVE('',#1215,#1207,#1217,.T.);
#1215 = VERTEX_POINT('',#1216);
#1216 = CARTESIAN_POINT('',(-7.650000002234,13.002,2.199999955297));
#1217 = LINE('',#1218,#1219);
#1218 = CARTESIAN_POINT('',(-7.650000002234,13.002,2.174999955297));
#1219 = VECTOR('',#1220,1.);
#1220 = DIRECTION('',(0.,0.,-1.));
#1221 = ORIENTED_EDGE('',*,*,#1222,.F.);
#1222 = EDGE_CURVE('',#1174,#1215,#1223,.T.);
#1223 = LINE('',#1224,#1225);
#1224 = CARTESIAN_POINT('',(-7.650000002234,0.852,2.199999955297));
#1225 = VECTOR('',#1226,1.);
#1226 = DIRECTION('',(0.,1.,0.));
#1227 = PLANE('',#1228);
#1228 = AXIS2_PLACEMENT_3D('',#1229,#1230,#1231);
#1229 = CARTESIAN_POINT('',(-7.650000002234,0.852,2.199999955297));
#1230 = DIRECTION('',(1.,0.,0.));
#1231 = DIRECTION('',(0.,0.,-1.));
#1232 = ADVANCED_FACE('',(#1233),#1269,.T.);
#1233 = FACE_BOUND('',#1234,.T.);
#1234 = EDGE_LOOP('',(#1235,#1246,#1254,#1263));
#1235 = ORIENTED_EDGE('',*,*,#1236,.T.);
#1236 = EDGE_CURVE('',#1237,#1239,#1241,.T.);
#1237 = VERTEX_POINT('',#1238);
#1238 = CARTESIAN_POINT('',(-9.950000002234,13.002,2.199999955297));
#1239 = VERTEX_POINT('',#1240);
#1240 = CARTESIAN_POINT('',(-9.700000002234,13.252,2.199999955297));
#1241 = CIRCLE('',#1242,0.25);
#1242 = AXIS2_PLACEMENT_3D('',#1243,#1244,#1245);
#1243 = CARTESIAN_POINT('',(-9.700000002234,13.002,2.199999955297));
#1244 = DIRECTION('',(-1.387778780781E-16,-6.812391230274E-33,-1.));
#1245 = DIRECTION('',(-0.707106781187,0.707106781187,9.813077866774E-17)
  );
#1246 = ORIENTED_EDGE('',*,*,#1247,.T.);
#1247 = EDGE_CURVE('',#1239,#1248,#1250,.T.);
#1248 = VERTEX_POINT('',#1249);
#1249 = CARTESIAN_POINT('',(-9.700000002234,13.252,2.099999955297));
#1250 = LINE('',#1251,#1252);
#1251 = CARTESIAN_POINT('',(-9.700000002234,13.252,2.124999955297));
#1252 = VECTOR('',#1253,1.);
#1253 = DIRECTION('',(0.,0.,-1.));
#1254 = ORIENTED_EDGE('',*,*,#1255,.T.);
#1255 = EDGE_CURVE('',#1248,#1256,#1258,.T.);
#1256 = VERTEX_POINT('',#1257);
#1257 = CARTESIAN_POINT('',(-9.950000002234,13.002,2.099999955297));
#1258 = CIRCLE('',#1259,0.25);
#1259 = AXIS2_PLACEMENT_3D('',#1260,#1261,#1262);
#1260 = CARTESIAN_POINT('',(-9.700000002234,13.002,2.099999955297));
#1261 = DIRECTION('',(-1.98438393011E-16,-5.19511196024E-33,1.));
#1262 = DIRECTION('',(-0.707106781187,0.707106781187,-1.403171333458E-16
    ));
#1263 = ORIENTED_EDGE('',*,*,#1264,.T.);
#1264 = EDGE_CURVE('',#1256,#1237,#1265,.T.);
#1265 = LINE('',#1266,#1267);
#1266 = CARTESIAN_POINT('',(-9.950000002234,13.002,2.124999955297));
#1267 = VECTOR('',#1268,1.);
#1268 = DIRECTION('',(0.,0.,1.));
#1269 = CYLINDRICAL_SURFACE('',#1270,0.25);
#1270 = AXIS2_PLACEMENT_3D('',#1271,#1272,#1273);
#1271 = CARTESIAN_POINT('',(-9.700000002234,13.002,2.124999955297));
#1272 = DIRECTION('',(0.,0.,1.));
#1273 = DIRECTION('',(-0.707106781187,0.707106781187,0.));
#1274 = ADVANCED_FACE('',(#1275),#1300,.T.);
#1275 = FACE_BOUND('',#1276,.T.);
#1276 = EDGE_LOOP('',(#1277,#1278,#1286,#1294));
#1277 = ORIENTED_EDGE('',*,*,#1247,.F.);
#1278 = ORIENTED_EDGE('',*,*,#1279,.T.);
#1279 = EDGE_CURVE('',#1239,#1280,#1282,.T.);
#1280 = VERTEX_POINT('',#1281);
#1281 = CARTESIAN_POINT('',(-7.900000002234,13.252,2.199999955297));
#1282 = LINE('',#1283,#1284);
#1283 = CARTESIAN_POINT('',(-7.650000002234,13.252,2.199999955297));
#1284 = VECTOR('',#1285,1.);
#1285 = DIRECTION('',(1.,0.,0.));
#1286 = ORIENTED_EDGE('',*,*,#1287,.F.);
#1287 = EDGE_CURVE('',#1288,#1280,#1290,.T.);
#1288 = VERTEX_POINT('',#1289);
#1289 = CARTESIAN_POINT('',(-7.900000002234,13.252,2.099999955297));
#1290 = LINE('',#1291,#1292);
#1291 = CARTESIAN_POINT('',(-7.900000002234,13.252,2.174999955297));
#1292 = VECTOR('',#1293,1.);
#1293 = DIRECTION('',(0.,0.,1.));
#1294 = ORIENTED_EDGE('',*,*,#1295,.T.);
#1295 = EDGE_CURVE('',#1288,#1248,#1296,.T.);
#1296 = LINE('',#1297,#1298);
#1297 = CARTESIAN_POINT('',(-9.950000002234,13.252,2.099999955297));
#1298 = VECTOR('',#1299,1.);
#1299 = DIRECTION('',(-1.,0.,0.));
#1300 = PLANE('',#1301);
#1301 = AXIS2_PLACEMENT_3D('',#1302,#1303,#1304);
#1302 = CARTESIAN_POINT('',(-8.800000002234,13.252,2.149999955297));
#1303 = DIRECTION('',(0.,1.,0.));
#1304 = DIRECTION('',(0.,-0.,1.));
#1305 = ADVANCED_FACE('',(#1306),#1375,.T.);
#1306 = FACE_BOUND('',#1307,.T.);
#1307 = EDGE_LOOP('',(#1308,#1309,#1317,#1326,#1334,#1343,#1349,#1350,
    #1351,#1359,#1365,#1366,#1367,#1374));
#1308 = ORIENTED_EDGE('',*,*,#1236,.F.);
#1309 = ORIENTED_EDGE('',*,*,#1310,.F.);
#1310 = EDGE_CURVE('',#1311,#1237,#1313,.T.);
#1311 = VERTEX_POINT('',#1312);
#1312 = CARTESIAN_POINT('',(-9.950000002234,1.102,2.199999955297));
#1313 = LINE('',#1314,#1315);
#1314 = CARTESIAN_POINT('',(-9.950000002234,0.852,2.199999955297));
#1315 = VECTOR('',#1316,1.);
#1316 = DIRECTION('',(0.,1.,0.));
#1317 = ORIENTED_EDGE('',*,*,#1318,.F.);
#1318 = EDGE_CURVE('',#1319,#1311,#1321,.T.);
#1319 = VERTEX_POINT('',#1320);
#1320 = CARTESIAN_POINT('',(-9.700000002234,0.852,2.199999955297));
#1321 = CIRCLE('',#1322,0.25);
#1322 = AXIS2_PLACEMENT_3D('',#1323,#1324,#1325);
#1323 = CARTESIAN_POINT('',(-9.700000002234,1.102,2.199999955297));
#1324 = DIRECTION('',(-1.387778780781E-16,1.023262580273E-33,-1.));
#1325 = DIRECTION('',(-0.707106781187,-0.707106781187,9.813077866774E-17
    ));
#1326 = ORIENTED_EDGE('',*,*,#1327,.F.);
#1327 = EDGE_CURVE('',#1328,#1319,#1330,.T.);
#1328 = VERTEX_POINT('',#1329);
#1329 = CARTESIAN_POINT('',(-7.900000002234,0.852,2.199999955297));
#1330 = LINE('',#1331,#1332);
#1331 = CARTESIAN_POINT('',(-7.650000002234,0.852,2.199999955297));
#1332 = VECTOR('',#1333,1.);
#1333 = DIRECTION('',(-1.,0.,0.));
#1334 = ORIENTED_EDGE('',*,*,#1335,.F.);
#1335 = EDGE_CURVE('',#1336,#1328,#1338,.T.);
#1336 = VERTEX_POINT('',#1337);
#1337 = CARTESIAN_POINT('',(-7.650000002234,1.102,2.199999955297));
#1338 = CIRCLE('',#1339,0.25);
#1339 = AXIS2_PLACEMENT_3D('',#1340,#1341,#1342);
#1340 = CARTESIAN_POINT('',(-7.900000002234,1.102,2.199999955297));
#1341 = DIRECTION('',(-1.387778780781E-16,-1.023262580273E-33,-1.));
#1342 = DIRECTION('',(0.707106781187,-0.707106781187,-9.813077866774E-17
    ));
#1343 = ORIENTED_EDGE('',*,*,#1344,.T.);
#1344 = EDGE_CURVE('',#1336,#1057,#1345,.T.);
#1345 = LINE('',#1346,#1347);
#1346 = CARTESIAN_POINT('',(-7.650000002234,0.852,2.199999955297));
#1347 = VECTOR('',#1348,1.);
#1348 = DIRECTION('',(0.,1.,0.));
#1349 = ORIENTED_EDGE('',*,*,#1066,.F.);
#1350 = ORIENTED_EDGE('',*,*,#1149,.F.);
#1351 = ORIENTED_EDGE('',*,*,#1352,.T.);
#1352 = EDGE_CURVE('',#1141,#1353,#1355,.T.);
#1353 = VERTEX_POINT('',#1354);
#1354 = CARTESIAN_POINT('',(-5.152600245616,11.7,2.199999955297));
#1355 = LINE('',#1356,#1357);
#1356 = CARTESIAN_POINT('',(-5.152600245616,2.4,2.199999955297));
#1357 = VECTOR('',#1358,1.);
#1358 = DIRECTION('',(0.,1.,0.));
#1359 = ORIENTED_EDGE('',*,*,#1360,.F.);
#1360 = EDGE_CURVE('',#1164,#1353,#1361,.T.);
#1361 = LINE('',#1362,#1363);
#1362 = CARTESIAN_POINT('',(-5.152600245616,11.7,2.199999955297));
#1363 = VECTOR('',#1364,1.);
#1364 = DIRECTION('',(1.,0.,-1.387778780781E-16));
#1365 = ORIENTED_EDGE('',*,*,#1173,.F.);
#1366 = ORIENTED_EDGE('',*,*,#1222,.T.);
#1367 = ORIENTED_EDGE('',*,*,#1368,.F.);
#1368 = EDGE_CURVE('',#1280,#1215,#1369,.T.);
#1369 = CIRCLE('',#1370,0.25);
#1370 = AXIS2_PLACEMENT_3D('',#1371,#1372,#1373);
#1371 = CARTESIAN_POINT('',(-7.900000002234,13.002,2.199999955297));
#1372 = DIRECTION('',(-1.387778780781E-16,6.812391230274E-33,-1.));
#1373 = DIRECTION('',(0.707106781187,0.707106781187,-9.813077866774E-17)
  );
#1374 = ORIENTED_EDGE('',*,*,#1279,.F.);
#1375 = PLANE('',#1376);
#1376 = AXIS2_PLACEMENT_3D('',#1377,#1378,#1379);
#1377 = CARTESIAN_POINT('',(-7.650000002234,2.4,2.199999955297));
#1378 = DIRECTION('',(1.387778780781E-16,0.,1.));
#1379 = DIRECTION('',(1.,0.,-1.387778780781E-16));
#1380 = ADVANCED_FACE('',(#1381),#1393,.T.);
#1381 = FACE_BOUND('',#1382,.T.);
#1382 = EDGE_LOOP('',(#1383,#1390,#1391,#1392));
#1383 = ORIENTED_EDGE('',*,*,#1384,.T.);
#1384 = EDGE_CURVE('',#1207,#1288,#1385,.T.);
#1385 = CIRCLE('',#1386,0.25);
#1386 = AXIS2_PLACEMENT_3D('',#1387,#1388,#1389);
#1387 = CARTESIAN_POINT('',(-7.900000002234,13.002,2.099999955297));
#1388 = DIRECTION('',(-1.98438393011E-16,5.19511196024E-33,1.));
#1389 = DIRECTION('',(0.707106781187,0.707106781187,1.403171333458E-16)
  );
#1390 = ORIENTED_EDGE('',*,*,#1287,.T.);
#1391 = ORIENTED_EDGE('',*,*,#1368,.T.);
#1392 = ORIENTED_EDGE('',*,*,#1214,.T.);
#1393 = CYLINDRICAL_SURFACE('',#1394,0.25);
#1394 = AXIS2_PLACEMENT_3D('',#1395,#1396,#1397);
#1395 = CARTESIAN_POINT('',(-7.900000002234,13.002,2.174999955297));
#1396 = DIRECTION('',(0.,0.,-1.));
#1397 = DIRECTION('',(0.707106781187,0.707106781187,0.));
#1398 = ADVANCED_FACE('',(#1399),#1425,.T.);
#1399 = FACE_BOUND('',#1400,.T.);
#1400 = EDGE_LOOP('',(#1401,#1402,#1410,#1419));
#1401 = ORIENTED_EDGE('',*,*,#1335,.T.);
#1402 = ORIENTED_EDGE('',*,*,#1403,.T.);
#1403 = EDGE_CURVE('',#1328,#1404,#1406,.T.);
#1404 = VERTEX_POINT('',#1405);
#1405 = CARTESIAN_POINT('',(-7.900000002234,0.852,2.099999955297));
#1406 = LINE('',#1407,#1408);
#1407 = CARTESIAN_POINT('',(-7.900000002234,0.852,2.174999955297));
#1408 = VECTOR('',#1409,1.);
#1409 = DIRECTION('',(0.,0.,-1.));
#1410 = ORIENTED_EDGE('',*,*,#1411,.T.);
#1411 = EDGE_CURVE('',#1404,#1412,#1414,.T.);
#1412 = VERTEX_POINT('',#1413);
#1413 = CARTESIAN_POINT('',(-7.650000002234,1.102,2.099999955297));
#1414 = CIRCLE('',#1415,0.25);
#1415 = AXIS2_PLACEMENT_3D('',#1416,#1417,#1418);
#1416 = CARTESIAN_POINT('',(-7.900000002234,1.102,2.099999955297));
#1417 = DIRECTION('',(-1.98438393011E-16,-6.941977340636E-33,1.));
#1418 = DIRECTION('',(0.707106781187,-0.707106781187,1.403171333458E-16)
  );
#1419 = ORIENTED_EDGE('',*,*,#1420,.T.);
#1420 = EDGE_CURVE('',#1412,#1336,#1421,.T.);
#1421 = LINE('',#1422,#1423);
#1422 = CARTESIAN_POINT('',(-7.650000002234,1.102,2.174999955297));
#1423 = VECTOR('',#1424,1.);
#1424 = DIRECTION('',(0.,0.,1.));
#1425 = CYLINDRICAL_SURFACE('',#1426,0.25);
#1426 = AXIS2_PLACEMENT_3D('',#1427,#1428,#1429);
#1427 = CARTESIAN_POINT('',(-7.900000002234,1.102,2.174999955297));
#1428 = DIRECTION('',(0.,0.,1.));
#1429 = DIRECTION('',(0.707106781187,-0.707106781187,0.));
#1430 = ADVANCED_FACE('',(#1431),#1449,.T.);
#1431 = FACE_BOUND('',#1432,.T.);
#1432 = EDGE_LOOP('',(#1433,#1434,#1435,#1443));
#1433 = ORIENTED_EDGE('',*,*,#1403,.F.);
#1434 = ORIENTED_EDGE('',*,*,#1327,.T.);
#1435 = ORIENTED_EDGE('',*,*,#1436,.F.);
#1436 = EDGE_CURVE('',#1437,#1319,#1439,.T.);
#1437 = VERTEX_POINT('',#1438);
#1438 = CARTESIAN_POINT('',(-9.700000002234,0.852,2.099999955297));
#1439 = LINE('',#1440,#1441);
#1440 = CARTESIAN_POINT('',(-9.700000002234,0.852,2.124999955297));
#1441 = VECTOR('',#1442,1.);
#1442 = DIRECTION('',(0.,0.,1.));
#1443 = ORIENTED_EDGE('',*,*,#1444,.T.);
#1444 = EDGE_CURVE('',#1437,#1404,#1445,.T.);
#1445 = LINE('',#1446,#1447);
#1446 = CARTESIAN_POINT('',(-9.950000002234,0.852,2.099999955297));
#1447 = VECTOR('',#1448,1.);
#1448 = DIRECTION('',(1.,0.,0.));
#1449 = PLANE('',#1450);
#1450 = AXIS2_PLACEMENT_3D('',#1451,#1452,#1453);
#1451 = CARTESIAN_POINT('',(-8.800000002234,0.852,2.149999955297));
#1452 = DIRECTION('',(0.,-1.,0.));
#1453 = DIRECTION('',(1.,0.,0.));
#1454 = ADVANCED_FACE('',(#1455),#1474,.T.);
#1455 = FACE_BOUND('',#1456,.T.);
#1456 = EDGE_LOOP('',(#1457,#1466,#1467,#1468));
#1457 = ORIENTED_EDGE('',*,*,#1458,.T.);
#1458 = EDGE_CURVE('',#1459,#1437,#1461,.T.);
#1459 = VERTEX_POINT('',#1460);
#1460 = CARTESIAN_POINT('',(-9.950000002234,1.102,2.099999955297));
#1461 = CIRCLE('',#1462,0.25);
#1462 = AXIS2_PLACEMENT_3D('',#1463,#1464,#1465);
#1463 = CARTESIAN_POINT('',(-9.700000002234,1.102,2.099999955297));
#1464 = DIRECTION('',(-1.98438393011E-16,6.941977340636E-33,1.));
#1465 = DIRECTION('',(-0.707106781187,-0.707106781187,
    -1.403171333458E-16));
#1466 = ORIENTED_EDGE('',*,*,#1436,.T.);
#1467 = ORIENTED_EDGE('',*,*,#1318,.T.);
#1468 = ORIENTED_EDGE('',*,*,#1469,.T.);
#1469 = EDGE_CURVE('',#1311,#1459,#1470,.T.);
#1470 = LINE('',#1471,#1472);
#1471 = CARTESIAN_POINT('',(-9.950000002234,1.102,2.124999955297));
#1472 = VECTOR('',#1473,1.);
#1473 = DIRECTION('',(0.,0.,-1.));
#1474 = CYLINDRICAL_SURFACE('',#1475,0.25);
#1475 = AXIS2_PLACEMENT_3D('',#1476,#1477,#1478);
#1476 = CARTESIAN_POINT('',(-9.700000002234,1.102,2.124999955297));
#1477 = DIRECTION('',(0.,0.,-1.));
#1478 = DIRECTION('',(-0.707106781187,-0.707106781187,-0.));
#1479 = ADVANCED_FACE('',(#1480),#1491,.T.);
#1480 = FACE_BOUND('',#1481,.T.);
#1481 = EDGE_LOOP('',(#1482,#1483,#1484,#1485));
#1482 = ORIENTED_EDGE('',*,*,#1056,.F.);
#1483 = ORIENTED_EDGE('',*,*,#1344,.F.);
#1484 = ORIENTED_EDGE('',*,*,#1420,.F.);
#1485 = ORIENTED_EDGE('',*,*,#1486,.T.);
#1486 = EDGE_CURVE('',#1412,#1059,#1487,.T.);
#1487 = LINE('',#1488,#1489);
#1488 = CARTESIAN_POINT('',(-7.650000002234,0.852,2.099999955297));
#1489 = VECTOR('',#1490,1.);
#1490 = DIRECTION('',(0.,1.,0.));
#1491 = PLANE('',#1492);
#1492 = AXIS2_PLACEMENT_3D('',#1493,#1494,#1495);
#1493 = CARTESIAN_POINT('',(-7.650000002234,0.852,2.199999955297));
#1494 = DIRECTION('',(1.,0.,0.));
#1495 = DIRECTION('',(0.,0.,-1.));
#1496 = ADVANCED_FACE('',(#1497),#1508,.T.);
#1497 = FACE_BOUND('',#1498,.T.);
#1498 = EDGE_LOOP('',(#1499,#1500,#1506,#1507));
#1499 = ORIENTED_EDGE('',*,*,#1264,.F.);
#1500 = ORIENTED_EDGE('',*,*,#1501,.F.);
#1501 = EDGE_CURVE('',#1459,#1256,#1502,.T.);
#1502 = LINE('',#1503,#1504);
#1503 = CARTESIAN_POINT('',(-9.950000002234,0.852,2.099999955297));
#1504 = VECTOR('',#1505,1.);
#1505 = DIRECTION('',(0.,1.,0.));
#1506 = ORIENTED_EDGE('',*,*,#1469,.F.);
#1507 = ORIENTED_EDGE('',*,*,#1310,.T.);
#1508 = PLANE('',#1509);
#1509 = AXIS2_PLACEMENT_3D('',#1510,#1511,#1512);
#1510 = CARTESIAN_POINT('',(-9.950000002234,0.852,2.099999955297));
#1511 = DIRECTION('',(-1.,0.,0.));
#1512 = DIRECTION('',(0.,0.,1.));
#1513 = ADVANCED_FACE('',(#1514),#1549,.T.);
#1514 = FACE_BOUND('',#1515,.T.);
#1515 = EDGE_LOOP('',(#1516,#1527,#1535,#1543));
#1516 = ORIENTED_EDGE('',*,*,#1517,.F.);
#1517 = EDGE_CURVE('',#1518,#1520,#1522,.T.);
#1518 = VERTEX_POINT('',#1519);
#1519 = CARTESIAN_POINT('',(-5.152596736055,2.402483294499,
    1.199999955293));
#1520 = VERTEX_POINT('',#1521);
#1521 = CARTESIAN_POINT('',(-4.852600131936,2.402483294499,1.3));
#1522 = CIRCLE('',#1523,0.500000000015);
#1523 = AXIS2_PLACEMENT_3D('',#1524,#1525,#1526);
#1524 = CARTESIAN_POINT('',(-5.152600191565,2.402483294499,
    1.699999955297));
#1525 = DIRECTION('',(-7.284927983105E-17,-1.,-5.460198043672E-39));
#1526 = DIRECTION('',(5.445666606377E-06,-3.967128904746E-22,
    -0.999999999985));
#1527 = ORIENTED_EDGE('',*,*,#1528,.T.);
#1528 = EDGE_CURVE('',#1518,#1529,#1531,.T.);
#1529 = VERTEX_POINT('',#1530);
#1530 = CARTESIAN_POINT('',(-4.85,2.402483294499,1.2));
#1531 = LINE('',#1532,#1533);
#1532 = CARTESIAN_POINT('',(-12.47,2.402483294499,1.2));
#1533 = VECTOR('',#1534,1.);
#1534 = DIRECTION('',(1.,-7.284927983105E-17,0.));
#1535 = ORIENTED_EDGE('',*,*,#1536,.T.);
#1536 = EDGE_CURVE('',#1529,#1537,#1539,.T.);
#1537 = VERTEX_POINT('',#1538);
#1538 = CARTESIAN_POINT('',(-4.85,2.402483294499,1.3));
#1539 = LINE('',#1540,#1541);
#1540 = CARTESIAN_POINT('',(-4.85,2.402483294499,1.2));
#1541 = VECTOR('',#1542,1.);
#1542 = DIRECTION('',(0.,0.,1.));
#1543 = ORIENTED_EDGE('',*,*,#1544,.F.);
#1544 = EDGE_CURVE('',#1520,#1537,#1545,.T.);
#1545 = LINE('',#1546,#1547);
#1546 = CARTESIAN_POINT('',(-12.47,2.402483294499,1.3));
#1547 = VECTOR('',#1548,1.);
#1548 = DIRECTION('',(1.,-7.284927983105E-17,0.));
#1549 = PLANE('',#1550);
#1550 = AXIS2_PLACEMENT_3D('',#1551,#1552,#1553);
#1551 = CARTESIAN_POINT('',(-12.47,2.402483294499,1.2));
#1552 = DIRECTION('',(-7.284927983105E-17,-1.,0.));
#1553 = DIRECTION('',(1.,-7.284927983105E-17,0.));
#1554 = ADVANCED_FACE('',(#1555),#1589,.T.);
#1555 = FACE_BOUND('',#1556,.T.);
#1556 = EDGE_LOOP('',(#1557,#1567,#1575,#1583));
#1557 = ORIENTED_EDGE('',*,*,#1558,.F.);
#1558 = EDGE_CURVE('',#1559,#1561,#1563,.T.);
#1559 = VERTEX_POINT('',#1560);
#1560 = CARTESIAN_POINT('',(-17.72,11.7,1.299999955137));
#1561 = VERTEX_POINT('',#1562);
#1562 = CARTESIAN_POINT('',(-17.72,11.7,1.199999955137));
#1563 = LINE('',#1564,#1565);
#1564 = CARTESIAN_POINT('',(-17.72,11.7,1.627716292225));
#1565 = VECTOR('',#1566,1.);
#1566 = DIRECTION('',(0.,0.,-1.));
#1567 = ORIENTED_EDGE('',*,*,#1568,.F.);
#1568 = EDGE_CURVE('',#1569,#1559,#1571,.T.);
#1569 = VERTEX_POINT('',#1570);
#1570 = CARTESIAN_POINT('',(-17.72,13.002483294499,1.3));
#1571 = LINE('',#1572,#1573);
#1572 = CARTESIAN_POINT('',(-17.72,13.002483294499,1.3));
#1573 = VECTOR('',#1574,1.);
#1574 = DIRECTION('',(-1.86592104979E-16,-1.,0.));
#1575 = ORIENTED_EDGE('',*,*,#1576,.F.);
#1576 = EDGE_CURVE('',#1577,#1569,#1579,.T.);
#1577 = VERTEX_POINT('',#1578);
#1578 = CARTESIAN_POINT('',(-17.72,13.002483294499,1.2));
#1579 = LINE('',#1580,#1581);
#1580 = CARTESIAN_POINT('',(-17.72,13.002483294499,1.2));
#1581 = VECTOR('',#1582,1.);
#1582 = DIRECTION('',(0.,0.,1.));
#1583 = ORIENTED_EDGE('',*,*,#1584,.T.);
#1584 = EDGE_CURVE('',#1577,#1561,#1585,.T.);
#1585 = LINE('',#1586,#1587);
#1586 = CARTESIAN_POINT('',(-17.72,13.002483294499,1.2));
#1587 = VECTOR('',#1588,1.);
#1588 = DIRECTION('',(-1.86592104979E-16,-1.,0.));
#1589 = PLANE('',#1590);
#1590 = AXIS2_PLACEMENT_3D('',#1591,#1592,#1593);
#1591 = CARTESIAN_POINT('',(-17.72,13.002483294499,1.2));
#1592 = DIRECTION('',(-1.,1.86592104979E-16,0.));
#1593 = DIRECTION('',(-1.86592104979E-16,-1.,0.));
#1594 = ADVANCED_FACE('',(#1595),#1629,.T.);
#1595 = FACE_BOUND('',#1596,.T.);
#1596 = EDGE_LOOP('',(#1597,#1607,#1615,#1623));
#1597 = ORIENTED_EDGE('',*,*,#1598,.F.);
#1598 = EDGE_CURVE('',#1599,#1601,#1603,.T.);
#1599 = VERTEX_POINT('',#1600);
#1600 = CARTESIAN_POINT('',(-17.72,2.4,1.199999955137));
#1601 = VERTEX_POINT('',#1602);
#1602 = CARTESIAN_POINT('',(-17.72,2.4,1.299999955137));
#1603 = LINE('',#1604,#1605);
#1604 = CARTESIAN_POINT('',(-17.72,2.4,1.627716292225));
#1605 = VECTOR('',#1606,1.);
#1606 = DIRECTION('',(0.,0.,1.));
#1607 = ORIENTED_EDGE('',*,*,#1608,.T.);
#1608 = EDGE_CURVE('',#1599,#1609,#1611,.T.);
#1609 = VERTEX_POINT('',#1610);
#1610 = CARTESIAN_POINT('',(-17.72,1.102483294499,1.2));
#1611 = LINE('',#1612,#1613);
#1612 = CARTESIAN_POINT('',(-17.72,13.002483294499,1.2));
#1613 = VECTOR('',#1614,1.);
#1614 = DIRECTION('',(-1.86592104979E-16,-1.,0.));
#1615 = ORIENTED_EDGE('',*,*,#1616,.T.);
#1616 = EDGE_CURVE('',#1609,#1617,#1619,.T.);
#1617 = VERTEX_POINT('',#1618);
#1618 = CARTESIAN_POINT('',(-17.72,1.102483294499,1.3));
#1619 = LINE('',#1620,#1621);
#1620 = CARTESIAN_POINT('',(-17.72,1.102483294499,1.2));
#1621 = VECTOR('',#1622,1.);
#1622 = DIRECTION('',(0.,0.,1.));
#1623 = ORIENTED_EDGE('',*,*,#1624,.F.);
#1624 = EDGE_CURVE('',#1601,#1617,#1625,.T.);
#1625 = LINE('',#1626,#1627);
#1626 = CARTESIAN_POINT('',(-17.72,13.002483294499,1.3));
#1627 = VECTOR('',#1628,1.);
#1628 = DIRECTION('',(-1.86592104979E-16,-1.,0.));
#1629 = PLANE('',#1630);
#1630 = AXIS2_PLACEMENT_3D('',#1631,#1632,#1633);
#1631 = CARTESIAN_POINT('',(-17.72,13.002483294499,1.2));
#1632 = DIRECTION('',(-1.,1.86592104979E-16,0.));
#1633 = DIRECTION('',(-1.86592104979E-16,-1.,0.));
#1634 = ADVANCED_FACE('',(#1635),#1662,.F.);
#1635 = FACE_BOUND('',#1636,.F.);
#1636 = EDGE_LOOP('',(#1637,#1647,#1654,#1655));
#1637 = ORIENTED_EDGE('',*,*,#1638,.T.);
#1638 = EDGE_CURVE('',#1639,#1641,#1643,.T.);
#1639 = VERTEX_POINT('',#1640);
#1640 = CARTESIAN_POINT('',(-13.22,12.252483294499,1.3));
#1641 = VERTEX_POINT('',#1642);
#1642 = CARTESIAN_POINT('',(-13.22,12.252483294499,1.2));
#1643 = LINE('',#1644,#1645);
#1644 = CARTESIAN_POINT('',(-13.22,12.252483294499,1.2));
#1645 = VECTOR('',#1646,1.);
#1646 = DIRECTION('',(0.,0.,-1.));
#1647 = ORIENTED_EDGE('',*,*,#1648,.F.);
#1648 = EDGE_CURVE('',#1641,#1641,#1649,.T.);
#1649 = CIRCLE('',#1650,0.5);
#1650 = AXIS2_PLACEMENT_3D('',#1651,#1652,#1653);
#1651 = CARTESIAN_POINT('',(-13.72,12.252483294499,1.2));
#1652 = DIRECTION('',(0.,0.,-1.));
#1653 = DIRECTION('',(-1.,0.,0.));
#1654 = ORIENTED_EDGE('',*,*,#1638,.F.);
#1655 = ORIENTED_EDGE('',*,*,#1656,.T.);
#1656 = EDGE_CURVE('',#1639,#1639,#1657,.T.);
#1657 = CIRCLE('',#1658,0.5);
#1658 = AXIS2_PLACEMENT_3D('',#1659,#1660,#1661);
#1659 = CARTESIAN_POINT('',(-13.72,12.252483294499,1.3));
#1660 = DIRECTION('',(0.,0.,-1.));
#1661 = DIRECTION('',(-1.,0.,0.));
#1662 = CYLINDRICAL_SURFACE('',#1663,0.5);
#1663 = AXIS2_PLACEMENT_3D('',#1664,#1665,#1666);
#1664 = CARTESIAN_POINT('',(-13.72,12.252483294499,1.2));
#1665 = DIRECTION('',(0.,0.,1.));
#1666 = DIRECTION('',(-1.,0.,0.));
#1667 = ADVANCED_FACE('',(#1668),#1695,.F.);
#1668 = FACE_BOUND('',#1669,.F.);
#1669 = EDGE_LOOP('',(#1670,#1680,#1687,#1688));
#1670 = ORIENTED_EDGE('',*,*,#1671,.T.);
#1671 = EDGE_CURVE('',#1672,#1674,#1676,.T.);
#1672 = VERTEX_POINT('',#1673);
#1673 = CARTESIAN_POINT('',(-13.22,1.852483294499,1.3));
#1674 = VERTEX_POINT('',#1675);
#1675 = CARTESIAN_POINT('',(-13.22,1.852483294499,1.2));
#1676 = LINE('',#1677,#1678);
#1677 = CARTESIAN_POINT('',(-13.22,1.852483294499,1.2));
#1678 = VECTOR('',#1679,1.);
#1679 = DIRECTION('',(0.,0.,-1.));
#1680 = ORIENTED_EDGE('',*,*,#1681,.F.);
#1681 = EDGE_CURVE('',#1674,#1674,#1682,.T.);
#1682 = CIRCLE('',#1683,0.5);
#1683 = AXIS2_PLACEMENT_3D('',#1684,#1685,#1686);
#1684 = CARTESIAN_POINT('',(-13.72,1.852483294499,1.2));
#1685 = DIRECTION('',(0.,0.,-1.));
#1686 = DIRECTION('',(-1.,0.,0.));
#1687 = ORIENTED_EDGE('',*,*,#1671,.F.);
#1688 = ORIENTED_EDGE('',*,*,#1689,.T.);
#1689 = EDGE_CURVE('',#1672,#1672,#1690,.T.);
#1690 = CIRCLE('',#1691,0.5);
#1691 = AXIS2_PLACEMENT_3D('',#1692,#1693,#1694);
#1692 = CARTESIAN_POINT('',(-13.72,1.852483294499,1.3));
#1693 = DIRECTION('',(0.,0.,-1.));
#1694 = DIRECTION('',(-1.,0.,0.));
#1695 = CYLINDRICAL_SURFACE('',#1696,0.5);
#1696 = AXIS2_PLACEMENT_3D('',#1697,#1698,#1699);
#1697 = CARTESIAN_POINT('',(-13.72,1.852483294499,1.2));
#1698 = DIRECTION('',(0.,0.,1.));
#1699 = DIRECTION('',(-1.,0.,0.));
#1700 = ADVANCED_FACE('',(#1701),#1728,.F.);
#1701 = FACE_BOUND('',#1702,.F.);
#1702 = EDGE_LOOP('',(#1703,#1712,#1720,#1727));
#1703 = ORIENTED_EDGE('',*,*,#1704,.T.);
#1704 = EDGE_CURVE('',#1125,#1705,#1707,.T.);
#1705 = VERTEX_POINT('',#1706);
#1706 = CARTESIAN_POINT('',(-12.72,2.152483294499,1.2));
#1707 = CIRCLE('',#1708,0.25);
#1708 = AXIS2_PLACEMENT_3D('',#1709,#1710,#1711);
#1709 = CARTESIAN_POINT('',(-12.47,2.152483294499,1.2));
#1710 = DIRECTION('',(0.,-0.,1.));
#1711 = DIRECTION('',(0.,1.,0.));
#1712 = ORIENTED_EDGE('',*,*,#1713,.T.);
#1713 = EDGE_CURVE('',#1705,#1714,#1716,.T.);
#1714 = VERTEX_POINT('',#1715);
#1715 = CARTESIAN_POINT('',(-12.72,2.152483294499,1.3));
#1716 = LINE('',#1717,#1718);
#1717 = CARTESIAN_POINT('',(-12.72,2.152483294499,1.2));
#1718 = VECTOR('',#1719,1.);
#1719 = DIRECTION('',(0.,0.,1.));
#1720 = ORIENTED_EDGE('',*,*,#1721,.T.);
#1721 = EDGE_CURVE('',#1714,#1117,#1722,.T.);
#1722 = CIRCLE('',#1723,0.25);
#1723 = AXIS2_PLACEMENT_3D('',#1724,#1725,#1726);
#1724 = CARTESIAN_POINT('',(-12.47,2.152483294499,1.3));
#1725 = DIRECTION('',(0.,0.,-1.));
#1726 = DIRECTION('',(0.,1.,0.));
#1727 = ORIENTED_EDGE('',*,*,#1124,.T.);
#1728 = CYLINDRICAL_SURFACE('',#1729,0.25);
#1729 = AXIS2_PLACEMENT_3D('',#1730,#1731,#1732);
#1730 = CARTESIAN_POINT('',(-12.47,2.152483294499,1.2));
#1731 = DIRECTION('',(0.,0.,1.));
#1732 = DIRECTION('',(0.,1.,0.));
#1733 = ADVANCED_FACE('',(#1734),#1759,.T.);
#1734 = FACE_BOUND('',#1735,.T.);
#1735 = EDGE_LOOP('',(#1736,#1744,#1745,#1753));
#1736 = ORIENTED_EDGE('',*,*,#1737,.T.);
#1737 = EDGE_CURVE('',#1738,#1705,#1740,.T.);
#1738 = VERTEX_POINT('',#1739);
#1739 = CARTESIAN_POINT('',(-12.72,1.102483294499,1.2));
#1740 = LINE('',#1741,#1742);
#1741 = CARTESIAN_POINT('',(-12.72,1.102483294499,1.2));
#1742 = VECTOR('',#1743,1.);
#1743 = DIRECTION('',(-1.691768418476E-14,1.,0.));
#1744 = ORIENTED_EDGE('',*,*,#1713,.T.);
#1745 = ORIENTED_EDGE('',*,*,#1746,.F.);
#1746 = EDGE_CURVE('',#1747,#1714,#1749,.T.);
#1747 = VERTEX_POINT('',#1748);
#1748 = CARTESIAN_POINT('',(-12.72,1.102483294499,1.3));
#1749 = LINE('',#1750,#1751);
#1750 = CARTESIAN_POINT('',(-12.72,1.102483294499,1.3));
#1751 = VECTOR('',#1752,1.);
#1752 = DIRECTION('',(-1.691768418476E-14,1.,0.));
#1753 = ORIENTED_EDGE('',*,*,#1754,.F.);
#1754 = EDGE_CURVE('',#1738,#1747,#1755,.T.);
#1755 = LINE('',#1756,#1757);
#1756 = CARTESIAN_POINT('',(-12.72,1.102483294499,1.2));
#1757 = VECTOR('',#1758,1.);
#1758 = DIRECTION('',(0.,0.,1.));
#1759 = PLANE('',#1760);
#1760 = AXIS2_PLACEMENT_3D('',#1761,#1762,#1763);
#1761 = CARTESIAN_POINT('',(-12.72,1.102483294499,1.2));
#1762 = DIRECTION('',(1.,1.691768418476E-14,0.));
#1763 = DIRECTION('',(-1.691768418476E-14,1.,0.));
#1764 = ADVANCED_FACE('',(#1765),#1792,.T.);
#1765 = FACE_BOUND('',#1766,.T.);
#1766 = EDGE_LOOP('',(#1767,#1776,#1777,#1786));
#1767 = ORIENTED_EDGE('',*,*,#1768,.T.);
#1768 = EDGE_CURVE('',#1769,#1738,#1771,.T.);
#1769 = VERTEX_POINT('',#1770);
#1770 = CARTESIAN_POINT('',(-12.97,0.852483294499,1.2));
#1771 = CIRCLE('',#1772,0.25);
#1772 = AXIS2_PLACEMENT_3D('',#1773,#1774,#1775);
#1773 = CARTESIAN_POINT('',(-12.97,1.102483294499,1.2));
#1774 = DIRECTION('',(0.,0.,1.));
#1775 = DIRECTION('',(0.,-1.,0.));
#1776 = ORIENTED_EDGE('',*,*,#1754,.T.);
#1777 = ORIENTED_EDGE('',*,*,#1778,.F.);
#1778 = EDGE_CURVE('',#1779,#1747,#1781,.T.);
#1779 = VERTEX_POINT('',#1780);
#1780 = CARTESIAN_POINT('',(-12.97,0.852483294499,1.3));
#1781 = CIRCLE('',#1782,0.25);
#1782 = AXIS2_PLACEMENT_3D('',#1783,#1784,#1785);
#1783 = CARTESIAN_POINT('',(-12.97,1.102483294499,1.3));
#1784 = DIRECTION('',(0.,0.,1.));
#1785 = DIRECTION('',(0.,-1.,0.));
#1786 = ORIENTED_EDGE('',*,*,#1787,.F.);
#1787 = EDGE_CURVE('',#1769,#1779,#1788,.T.);
#1788 = LINE('',#1789,#1790);
#1789 = CARTESIAN_POINT('',(-12.97,0.852483294499,1.2));
#1790 = VECTOR('',#1791,1.);
#1791 = DIRECTION('',(0.,0.,1.));
#1792 = CYLINDRICAL_SURFACE('',#1793,0.25);
#1793 = AXIS2_PLACEMENT_3D('',#1794,#1795,#1796);
#1794 = CARTESIAN_POINT('',(-12.97,1.102483294499,1.2));
#1795 = DIRECTION('',(0.,0.,1.));
#1796 = DIRECTION('',(0.,-1.,0.));
#1797 = ADVANCED_FACE('',(#1798),#1823,.T.);
#1798 = FACE_BOUND('',#1799,.T.);
#1799 = EDGE_LOOP('',(#1800,#1808,#1809,#1817));
#1800 = ORIENTED_EDGE('',*,*,#1801,.T.);
#1801 = EDGE_CURVE('',#1802,#1769,#1804,.T.);
#1802 = VERTEX_POINT('',#1803);
#1803 = CARTESIAN_POINT('',(-17.47,0.852483294499,1.2));
#1804 = LINE('',#1805,#1806);
#1805 = CARTESIAN_POINT('',(-17.47,0.852483294499,1.2));
#1806 = VECTOR('',#1807,1.);
#1807 = DIRECTION('',(1.,0.,0.));
#1808 = ORIENTED_EDGE('',*,*,#1787,.T.);
#1809 = ORIENTED_EDGE('',*,*,#1810,.F.);
#1810 = EDGE_CURVE('',#1811,#1779,#1813,.T.);
#1811 = VERTEX_POINT('',#1812);
#1812 = CARTESIAN_POINT('',(-17.47,0.852483294499,1.3));
#1813 = LINE('',#1814,#1815);
#1814 = CARTESIAN_POINT('',(-17.47,0.852483294499,1.3));
#1815 = VECTOR('',#1816,1.);
#1816 = DIRECTION('',(1.,0.,0.));
#1817 = ORIENTED_EDGE('',*,*,#1818,.F.);
#1818 = EDGE_CURVE('',#1802,#1811,#1819,.T.);
#1819 = LINE('',#1820,#1821);
#1820 = CARTESIAN_POINT('',(-17.47,0.852483294499,1.2));
#1821 = VECTOR('',#1822,1.);
#1822 = DIRECTION('',(0.,0.,1.));
#1823 = PLANE('',#1824);
#1824 = AXIS2_PLACEMENT_3D('',#1825,#1826,#1827);
#1825 = CARTESIAN_POINT('',(-17.47,0.852483294499,1.2));
#1826 = DIRECTION('',(0.,-1.,0.));
#1827 = DIRECTION('',(1.,0.,0.));
#1828 = ADVANCED_FACE('',(#1829),#1847,.T.);
#1829 = FACE_BOUND('',#1830,.T.);
#1830 = EDGE_LOOP('',(#1831,#1838,#1839,#1846));
#1831 = ORIENTED_EDGE('',*,*,#1832,.T.);
#1832 = EDGE_CURVE('',#1609,#1802,#1833,.T.);
#1833 = CIRCLE('',#1834,0.25);
#1834 = AXIS2_PLACEMENT_3D('',#1835,#1836,#1837);
#1835 = CARTESIAN_POINT('',(-17.47,1.102483294499,1.2));
#1836 = DIRECTION('',(0.,0.,1.));
#1837 = DIRECTION('',(-1.,1.665334536938E-15,0.));
#1838 = ORIENTED_EDGE('',*,*,#1818,.T.);
#1839 = ORIENTED_EDGE('',*,*,#1840,.F.);
#1840 = EDGE_CURVE('',#1617,#1811,#1841,.T.);
#1841 = CIRCLE('',#1842,0.25);
#1842 = AXIS2_PLACEMENT_3D('',#1843,#1844,#1845);
#1843 = CARTESIAN_POINT('',(-17.47,1.102483294499,1.3));
#1844 = DIRECTION('',(0.,0.,1.));
#1845 = DIRECTION('',(-1.,1.665334536938E-15,0.));
#1846 = ORIENTED_EDGE('',*,*,#1616,.F.);
#1847 = CYLINDRICAL_SURFACE('',#1848,0.25);
#1848 = AXIS2_PLACEMENT_3D('',#1849,#1850,#1851);
#1849 = CARTESIAN_POINT('',(-17.47,1.102483294499,1.2));
#1850 = DIRECTION('',(0.,0.,1.));
#1851 = DIRECTION('',(-1.,1.665334536938E-15,0.));
#1852 = ADVANCED_FACE('',(#1853),#1880,.T.);
#1853 = FACE_BOUND('',#1854,.T.);
#1854 = EDGE_LOOP('',(#1855,#1864,#1865,#1874));
#1855 = ORIENTED_EDGE('',*,*,#1856,.T.);
#1856 = EDGE_CURVE('',#1857,#1577,#1859,.T.);
#1857 = VERTEX_POINT('',#1858);
#1858 = CARTESIAN_POINT('',(-17.47,13.252483294499,1.2));
#1859 = CIRCLE('',#1860,0.25);
#1860 = AXIS2_PLACEMENT_3D('',#1861,#1862,#1863);
#1861 = CARTESIAN_POINT('',(-17.47,13.002483294499,1.2));
#1862 = DIRECTION('',(0.,-0.,1.));
#1863 = DIRECTION('',(0.,1.,0.));
#1864 = ORIENTED_EDGE('',*,*,#1576,.T.);
#1865 = ORIENTED_EDGE('',*,*,#1866,.F.);
#1866 = EDGE_CURVE('',#1867,#1569,#1869,.T.);
#1867 = VERTEX_POINT('',#1868);
#1868 = CARTESIAN_POINT('',(-17.47,13.252483294499,1.3));
#1869 = CIRCLE('',#1870,0.25);
#1870 = AXIS2_PLACEMENT_3D('',#1871,#1872,#1873);
#1871 = CARTESIAN_POINT('',(-17.47,13.002483294499,1.3));
#1872 = DIRECTION('',(0.,-0.,1.));
#1873 = DIRECTION('',(0.,1.,0.));
#1874 = ORIENTED_EDGE('',*,*,#1875,.F.);
#1875 = EDGE_CURVE('',#1857,#1867,#1876,.T.);
#1876 = LINE('',#1877,#1878);
#1877 = CARTESIAN_POINT('',(-17.47,13.252483294499,1.2));
#1878 = VECTOR('',#1879,1.);
#1879 = DIRECTION('',(0.,0.,1.));
#1880 = CYLINDRICAL_SURFACE('',#1881,0.25);
#1881 = AXIS2_PLACEMENT_3D('',#1882,#1883,#1884);
#1882 = CARTESIAN_POINT('',(-17.47,13.002483294499,1.2));
#1883 = DIRECTION('',(0.,0.,1.));
#1884 = DIRECTION('',(0.,1.,0.));
#1885 = ADVANCED_FACE('',(#1886),#1911,.T.);
#1886 = FACE_BOUND('',#1887,.T.);
#1887 = EDGE_LOOP('',(#1888,#1896,#1897,#1905));
#1888 = ORIENTED_EDGE('',*,*,#1889,.T.);
#1889 = EDGE_CURVE('',#1890,#1857,#1892,.T.);
#1890 = VERTEX_POINT('',#1891);
#1891 = CARTESIAN_POINT('',(-12.97,13.252483294499,1.2));
#1892 = LINE('',#1893,#1894);
#1893 = CARTESIAN_POINT('',(-12.97,13.252483294499,1.2));
#1894 = VECTOR('',#1895,1.);
#1895 = DIRECTION('',(-1.,0.,0.));
#1896 = ORIENTED_EDGE('',*,*,#1875,.T.);
#1897 = ORIENTED_EDGE('',*,*,#1898,.F.);
#1898 = EDGE_CURVE('',#1899,#1867,#1901,.T.);
#1899 = VERTEX_POINT('',#1900);
#1900 = CARTESIAN_POINT('',(-12.97,13.252483294499,1.3));
#1901 = LINE('',#1902,#1903);
#1902 = CARTESIAN_POINT('',(-12.97,13.252483294499,1.3));
#1903 = VECTOR('',#1904,1.);
#1904 = DIRECTION('',(-1.,0.,0.));
#1905 = ORIENTED_EDGE('',*,*,#1906,.F.);
#1906 = EDGE_CURVE('',#1890,#1899,#1907,.T.);
#1907 = LINE('',#1908,#1909);
#1908 = CARTESIAN_POINT('',(-12.97,13.252483294499,1.2));
#1909 = VECTOR('',#1910,1.);
#1910 = DIRECTION('',(0.,0.,1.));
#1911 = PLANE('',#1912);
#1912 = AXIS2_PLACEMENT_3D('',#1913,#1914,#1915);
#1913 = CARTESIAN_POINT('',(-12.97,13.252483294499,1.2));
#1914 = DIRECTION('',(0.,1.,0.));
#1915 = DIRECTION('',(-1.,0.,0.));
#1916 = ADVANCED_FACE('',(#1917),#1944,.T.);
#1917 = FACE_BOUND('',#1918,.T.);
#1918 = EDGE_LOOP('',(#1919,#1928,#1929,#1938));
#1919 = ORIENTED_EDGE('',*,*,#1920,.T.);
#1920 = EDGE_CURVE('',#1921,#1890,#1923,.T.);
#1921 = VERTEX_POINT('',#1922);
#1922 = CARTESIAN_POINT('',(-12.72,13.002483294499,1.2));
#1923 = CIRCLE('',#1924,0.25);
#1924 = AXIS2_PLACEMENT_3D('',#1925,#1926,#1927);
#1925 = CARTESIAN_POINT('',(-12.97,13.002483294499,1.2));
#1926 = DIRECTION('',(0.,0.,1.));
#1927 = DIRECTION('',(1.,0.,-0.));
#1928 = ORIENTED_EDGE('',*,*,#1906,.T.);
#1929 = ORIENTED_EDGE('',*,*,#1930,.F.);
#1930 = EDGE_CURVE('',#1931,#1899,#1933,.T.);
#1931 = VERTEX_POINT('',#1932);
#1932 = CARTESIAN_POINT('',(-12.72,13.002483294499,1.3));
#1933 = CIRCLE('',#1934,0.25);
#1934 = AXIS2_PLACEMENT_3D('',#1935,#1936,#1937);
#1935 = CARTESIAN_POINT('',(-12.97,13.002483294499,1.3));
#1936 = DIRECTION('',(0.,0.,1.));
#1937 = DIRECTION('',(1.,0.,-0.));
#1938 = ORIENTED_EDGE('',*,*,#1939,.F.);
#1939 = EDGE_CURVE('',#1921,#1931,#1940,.T.);
#1940 = LINE('',#1941,#1942);
#1941 = CARTESIAN_POINT('',(-12.72,13.002483294499,1.2));
#1942 = VECTOR('',#1943,1.);
#1943 = DIRECTION('',(0.,0.,1.));
#1944 = CYLINDRICAL_SURFACE('',#1945,0.25);
#1945 = AXIS2_PLACEMENT_3D('',#1946,#1947,#1948);
#1946 = CARTESIAN_POINT('',(-12.97,13.002483294499,1.2));
#1947 = DIRECTION('',(0.,0.,1.));
#1948 = DIRECTION('',(1.,0.,-0.));
#1949 = ADVANCED_FACE('',(#1950),#1975,.T.);
#1950 = FACE_BOUND('',#1951,.T.);
#1951 = EDGE_LOOP('',(#1952,#1960,#1961,#1969));
#1952 = ORIENTED_EDGE('',*,*,#1953,.T.);
#1953 = EDGE_CURVE('',#1954,#1921,#1956,.T.);
#1954 = VERTEX_POINT('',#1955);
#1955 = CARTESIAN_POINT('',(-12.72,11.952483294499,1.2));
#1956 = LINE('',#1957,#1958);
#1957 = CARTESIAN_POINT('',(-12.72,11.952483294499,1.2));
#1958 = VECTOR('',#1959,1.);
#1959 = DIRECTION('',(0.,1.,0.));
#1960 = ORIENTED_EDGE('',*,*,#1939,.T.);
#1961 = ORIENTED_EDGE('',*,*,#1962,.F.);
#1962 = EDGE_CURVE('',#1963,#1931,#1965,.T.);
#1963 = VERTEX_POINT('',#1964);
#1964 = CARTESIAN_POINT('',(-12.72,11.952483294499,1.3));
#1965 = LINE('',#1966,#1967);
#1966 = CARTESIAN_POINT('',(-12.72,11.952483294499,1.3));
#1967 = VECTOR('',#1968,1.);
#1968 = DIRECTION('',(0.,1.,0.));
#1969 = ORIENTED_EDGE('',*,*,#1970,.F.);
#1970 = EDGE_CURVE('',#1954,#1963,#1971,.T.);
#1971 = LINE('',#1972,#1973);
#1972 = CARTESIAN_POINT('',(-12.72,11.952483294499,1.2));
#1973 = VECTOR('',#1974,1.);
#1974 = DIRECTION('',(0.,0.,1.));
#1975 = PLANE('',#1976);
#1976 = AXIS2_PLACEMENT_3D('',#1977,#1978,#1979);
#1977 = CARTESIAN_POINT('',(-12.72,11.952483294499,1.2));
#1978 = DIRECTION('',(1.,0.,0.));
#1979 = DIRECTION('',(-0.,1.,0.));
#1980 = ADVANCED_FACE('',(#1981),#2008,.F.);
#1981 = FACE_BOUND('',#1982,.F.);
#1982 = EDGE_LOOP('',(#1983,#1993,#2000,#2001));
#1983 = ORIENTED_EDGE('',*,*,#1984,.T.);
#1984 = EDGE_CURVE('',#1985,#1987,#1989,.T.);
#1985 = VERTEX_POINT('',#1986);
#1986 = CARTESIAN_POINT('',(-12.47,11.702483294499,1.2));
#1987 = VERTEX_POINT('',#1988);
#1988 = CARTESIAN_POINT('',(-12.47,11.702483294499,1.3));
#1989 = LINE('',#1990,#1991);
#1990 = CARTESIAN_POINT('',(-12.47,11.702483294499,1.2));
#1991 = VECTOR('',#1992,1.);
#1992 = DIRECTION('',(0.,0.,1.));
#1993 = ORIENTED_EDGE('',*,*,#1994,.T.);
#1994 = EDGE_CURVE('',#1987,#1963,#1995,.T.);
#1995 = CIRCLE('',#1996,0.25);
#1996 = AXIS2_PLACEMENT_3D('',#1997,#1998,#1999);
#1997 = CARTESIAN_POINT('',(-12.47,11.952483294499,1.3));
#1998 = DIRECTION('',(0.,0.,-1.));
#1999 = DIRECTION('',(-1.,0.,0.));
#2000 = ORIENTED_EDGE('',*,*,#1970,.F.);
#2001 = ORIENTED_EDGE('',*,*,#2002,.T.);
#2002 = EDGE_CURVE('',#1954,#1985,#2003,.T.);
#2003 = CIRCLE('',#2004,0.25);
#2004 = AXIS2_PLACEMENT_3D('',#2005,#2006,#2007);
#2005 = CARTESIAN_POINT('',(-12.47,11.952483294499,1.2));
#2006 = DIRECTION('',(0.,0.,1.));
#2007 = DIRECTION('',(-1.,0.,0.));
#2008 = CYLINDRICAL_SURFACE('',#2009,0.25);
#2009 = AXIS2_PLACEMENT_3D('',#2010,#2011,#2012);
#2010 = CARTESIAN_POINT('',(-12.47,11.952483294499,1.2));
#2011 = DIRECTION('',(0.,0.,1.));
#2012 = DIRECTION('',(-1.,0.,0.));
#2013 = ADVANCED_FACE('',(#2014),#2039,.T.);
#2014 = FACE_BOUND('',#2015,.T.);
#2015 = EDGE_LOOP('',(#2016,#2024,#2025,#2033));
#2016 = ORIENTED_EDGE('',*,*,#2017,.T.);
#2017 = EDGE_CURVE('',#2018,#1985,#2020,.T.);
#2018 = VERTEX_POINT('',#2019);
#2019 = CARTESIAN_POINT('',(-4.85,11.702483294499,1.2));
#2020 = LINE('',#2021,#2022);
#2021 = CARTESIAN_POINT('',(-4.85,11.702483294499,1.2));
#2022 = VECTOR('',#2023,1.);
#2023 = DIRECTION('',(-1.,0.,0.));
#2024 = ORIENTED_EDGE('',*,*,#1984,.T.);
#2025 = ORIENTED_EDGE('',*,*,#2026,.F.);
#2026 = EDGE_CURVE('',#2027,#1987,#2029,.T.);
#2027 = VERTEX_POINT('',#2028);
#2028 = CARTESIAN_POINT('',(-4.85,11.702483294499,1.3));
#2029 = LINE('',#2030,#2031);
#2030 = CARTESIAN_POINT('',(-4.85,11.702483294499,1.3));
#2031 = VECTOR('',#2032,1.);
#2032 = DIRECTION('',(-1.,0.,0.));
#2033 = ORIENTED_EDGE('',*,*,#2034,.F.);
#2034 = EDGE_CURVE('',#2018,#2027,#2035,.T.);
#2035 = LINE('',#2036,#2037);
#2036 = CARTESIAN_POINT('',(-4.85,11.702483294499,1.2));
#2037 = VECTOR('',#2038,1.);
#2038 = DIRECTION('',(0.,0.,1.));
#2039 = PLANE('',#2040);
#2040 = AXIS2_PLACEMENT_3D('',#2041,#2042,#2043);
#2041 = CARTESIAN_POINT('',(-4.85,11.702483294499,1.2));
#2042 = DIRECTION('',(0.,1.,0.));
#2043 = DIRECTION('',(-1.,0.,0.));
#2044 = ADVANCED_FACE('',(#2045),#2061,.T.);
#2045 = FACE_BOUND('',#2046,.T.);
#2046 = EDGE_LOOP('',(#2047,#2053,#2054,#2060));
#2047 = ORIENTED_EDGE('',*,*,#2048,.T.);
#2048 = EDGE_CURVE('',#1529,#2018,#2049,.T.);
#2049 = LINE('',#2050,#2051);
#2050 = CARTESIAN_POINT('',(-4.85,2.402483294499,1.2));
#2051 = VECTOR('',#2052,1.);
#2052 = DIRECTION('',(0.,1.,0.));
#2053 = ORIENTED_EDGE('',*,*,#2034,.T.);
#2054 = ORIENTED_EDGE('',*,*,#2055,.F.);
#2055 = EDGE_CURVE('',#1537,#2027,#2056,.T.);
#2056 = LINE('',#2057,#2058);
#2057 = CARTESIAN_POINT('',(-4.85,2.402483294499,1.3));
#2058 = VECTOR('',#2059,1.);
#2059 = DIRECTION('',(0.,1.,0.));
#2060 = ORIENTED_EDGE('',*,*,#1536,.F.);
#2061 = PLANE('',#2062);
#2062 = AXIS2_PLACEMENT_3D('',#2063,#2064,#2065);
#2063 = CARTESIAN_POINT('',(-4.85,2.402483294499,1.2));
#2064 = DIRECTION('',(1.,0.,0.));
#2065 = DIRECTION('',(-0.,1.,0.));
#2066 = ADVANCED_FACE('',(#2067),#2092,.T.);
#2067 = FACE_BOUND('',#2068,.T.);
#2068 = EDGE_LOOP('',(#2069,#2070,#2078,#2086));
#2069 = ORIENTED_EDGE('',*,*,#1598,.T.);
#2070 = ORIENTED_EDGE('',*,*,#2071,.T.);
#2071 = EDGE_CURVE('',#1601,#2072,#2074,.T.);
#2072 = VERTEX_POINT('',#2073);
#2073 = CARTESIAN_POINT('',(-18.00393913838,2.4,1.299999955134));
#2074 = LINE('',#2075,#2076);
#2075 = CARTESIAN_POINT('',(-5.152600191561,2.4,1.299999955293));
#2076 = VECTOR('',#2077,1.);
#2077 = DIRECTION('',(-1.,0.,-1.236473853927E-11));
#2078 = ORIENTED_EDGE('',*,*,#2079,.T.);
#2079 = EDGE_CURVE('',#2072,#2080,#2082,.T.);
#2080 = VERTEX_POINT('',#2081);
#2081 = CARTESIAN_POINT('',(-18.00393913838,2.4,1.199999955134));
#2082 = LINE('',#2083,#2084);
#2083 = CARTESIAN_POINT('',(-18.00393913838,2.4,1.299999955134));
#2084 = VECTOR('',#2085,1.);
#2085 = DIRECTION('',(-2.486899575159E-12,0.,-1.));
#2086 = ORIENTED_EDGE('',*,*,#2087,.T.);
#2087 = EDGE_CURVE('',#2080,#1599,#2088,.T.);
#2088 = LINE('',#2089,#2090);
#2089 = CARTESIAN_POINT('',(-18.00393913838,2.4,1.199999955134));
#2090 = VECTOR('',#2091,1.);
#2091 = DIRECTION('',(1.,0.,1.208084870134E-11));
#2092 = PLANE('',#2093);
#2093 = AXIS2_PLACEMENT_3D('',#2094,#2095,#2096);
#2094 = CARTESIAN_POINT('',(-11.27790388704,2.4,2.055432584451));
#2095 = DIRECTION('',(0.,-1.,0.));
#2096 = DIRECTION('',(1.,0.,0.));
#2097 = ADVANCED_FACE('',(#2098,#2153,#2156),#2159,.T.);
#2098 = FACE_BOUND('',#2099,.T.);
#2099 = EDGE_LOOP('',(#2100,#2108,#2116,#2122,#2123,#2124,#2125,#2126,
    #2127,#2128,#2129,#2130,#2131,#2139,#2145,#2146,#2147,#2148,#2149,
    #2150,#2151,#2152));
#2100 = ORIENTED_EDGE('',*,*,#2101,.T.);
#2101 = EDGE_CURVE('',#1108,#2102,#2104,.T.);
#2102 = VERTEX_POINT('',#2103);
#2103 = CARTESIAN_POINT('',(-5.152600191561,11.7,1.299999955293));
#2104 = LINE('',#2105,#2106);
#2105 = CARTESIAN_POINT('',(-5.152600191561,2.4,1.299999955293));
#2106 = VECTOR('',#2107,1.);
#2107 = DIRECTION('',(0.,1.,0.));
#2108 = ORIENTED_EDGE('',*,*,#2109,.F.);
#2109 = EDGE_CURVE('',#2110,#2102,#2112,.T.);
#2110 = VERTEX_POINT('',#2111);
#2111 = CARTESIAN_POINT('',(-4.852600131936,11.7,1.3));
#2112 = LINE('',#2113,#2114);
#2113 = CARTESIAN_POINT('',(-11.28145194352,11.7,1.3));
#2114 = VECTOR('',#2115,1.);
#2115 = DIRECTION('',(-1.,0.,0.));
#2116 = ORIENTED_EDGE('',*,*,#2117,.F.);
#2117 = EDGE_CURVE('',#1520,#2110,#2118,.T.);
#2118 = LINE('',#2119,#2120);
#2119 = CARTESIAN_POINT('',(-4.852600131936,2.4,1.3));
#2120 = VECTOR('',#2121,1.);
#2121 = DIRECTION('',(0.,1.,0.));
#2122 = ORIENTED_EDGE('',*,*,#1544,.T.);
#2123 = ORIENTED_EDGE('',*,*,#2055,.T.);
#2124 = ORIENTED_EDGE('',*,*,#2026,.T.);
#2125 = ORIENTED_EDGE('',*,*,#1994,.T.);
#2126 = ORIENTED_EDGE('',*,*,#1962,.T.);
#2127 = ORIENTED_EDGE('',*,*,#1930,.T.);
#2128 = ORIENTED_EDGE('',*,*,#1898,.T.);
#2129 = ORIENTED_EDGE('',*,*,#1866,.T.);
#2130 = ORIENTED_EDGE('',*,*,#1568,.T.);
#2131 = ORIENTED_EDGE('',*,*,#2132,.F.);
#2132 = EDGE_CURVE('',#2133,#1559,#2135,.T.);
#2133 = VERTEX_POINT('',#2134);
#2134 = CARTESIAN_POINT('',(-18.00393913838,11.7,1.299999955134));
#2135 = LINE('',#2136,#2137);
#2136 = CARTESIAN_POINT('',(-5.152600191561,11.7,1.299999955293));
#2137 = VECTOR('',#2138,1.);
#2138 = DIRECTION('',(1.,0.,1.236473853927E-11));
#2139 = ORIENTED_EDGE('',*,*,#2140,.F.);
#2140 = EDGE_CURVE('',#2072,#2133,#2141,.T.);
#2141 = LINE('',#2142,#2143);
#2142 = CARTESIAN_POINT('',(-18.00393913838,2.4,1.299999955134));
#2143 = VECTOR('',#2144,1.);
#2144 = DIRECTION('',(0.,1.,0.));
#2145 = ORIENTED_EDGE('',*,*,#2071,.F.);
#2146 = ORIENTED_EDGE('',*,*,#1624,.T.);
#2147 = ORIENTED_EDGE('',*,*,#1840,.T.);
#2148 = ORIENTED_EDGE('',*,*,#1810,.T.);
#2149 = ORIENTED_EDGE('',*,*,#1778,.T.);
#2150 = ORIENTED_EDGE('',*,*,#1746,.T.);
#2151 = ORIENTED_EDGE('',*,*,#1721,.T.);
#2152 = ORIENTED_EDGE('',*,*,#1116,.F.);
#2153 = FACE_BOUND('',#2154,.T.);
#2154 = EDGE_LOOP('',(#2155));
#2155 = ORIENTED_EDGE('',*,*,#1689,.T.);
#2156 = FACE_BOUND('',#2157,.T.);
#2157 = EDGE_LOOP('',(#2158));
#2158 = ORIENTED_EDGE('',*,*,#1656,.T.);
#2159 = PLANE('',#2160);
#2160 = AXIS2_PLACEMENT_3D('',#2161,#2162,#2163);
#2161 = CARTESIAN_POINT('',(-18.00393913838,2.4,1.299999955134));
#2162 = DIRECTION('',(-1.236473853927E-11,0.,1.));
#2163 = DIRECTION('',(1.,0.,1.236473853927E-11));
#2164 = ADVANCED_FACE('',(#2165),#2183,.F.);
#2165 = FACE_BOUND('',#2166,.T.);
#2166 = EDGE_LOOP('',(#2167,#2168,#2176,#2182));
#2167 = ORIENTED_EDGE('',*,*,#1558,.T.);
#2168 = ORIENTED_EDGE('',*,*,#2169,.T.);
#2169 = EDGE_CURVE('',#1561,#2170,#2172,.T.);
#2170 = VERTEX_POINT('',#2171);
#2171 = CARTESIAN_POINT('',(-18.00393913838,11.7,1.199999955134));
#2172 = LINE('',#2173,#2174);
#2173 = CARTESIAN_POINT('',(-18.00393913838,11.7,1.199999955134));
#2174 = VECTOR('',#2175,1.);
#2175 = DIRECTION('',(-1.,0.,-1.208084870134E-11));
#2176 = ORIENTED_EDGE('',*,*,#2177,.T.);
#2177 = EDGE_CURVE('',#2170,#2133,#2178,.T.);
#2178 = LINE('',#2179,#2180);
#2179 = CARTESIAN_POINT('',(-18.00393913838,11.7,1.299999955134));
#2180 = VECTOR('',#2181,1.);
#2181 = DIRECTION('',(2.486899575159E-12,0.,1.));
#2182 = ORIENTED_EDGE('',*,*,#2132,.T.);
#2183 = PLANE('',#2184);
#2184 = AXIS2_PLACEMENT_3D('',#2185,#2186,#2187);
#2185 = CARTESIAN_POINT('',(-11.27790388704,11.7,2.055432584451));
#2186 = DIRECTION('',(0.,-1.,0.));
#2187 = DIRECTION('',(1.,0.,0.));
#2188 = ADVANCED_FACE('',(#2189),#2216,.F.);
#2189 = FACE_BOUND('',#2190,.T.);
#2190 = EDGE_LOOP('',(#2191,#2192,#2193,#2200,#2201,#2210));
#2191 = ORIENTED_EDGE('',*,*,#1163,.F.);
#2192 = ORIENTED_EDGE('',*,*,#1360,.T.);
#2193 = ORIENTED_EDGE('',*,*,#2194,.T.);
#2194 = EDGE_CURVE('',#1353,#2110,#2195,.T.);
#2195 = CIRCLE('',#2196,0.500000000015);
#2196 = AXIS2_PLACEMENT_3D('',#2197,#2198,#2199);
#2197 = CARTESIAN_POINT('',(-5.152600191565,11.7,1.699999955297));
#2198 = DIRECTION('',(0.,1.,0.));
#2199 = DIRECTION('',(5.445666606377E-06,0.,-0.999999999985));
#2200 = ORIENTED_EDGE('',*,*,#2109,.T.);
#2201 = ORIENTED_EDGE('',*,*,#2202,.T.);
#2202 = EDGE_CURVE('',#2102,#2203,#2205,.T.);
#2203 = VERTEX_POINT('',#2204);
#2204 = CARTESIAN_POINT('',(-5.152600191565,11.7,2.099999955297));
#2205 = CIRCLE('',#2206,0.400000000002);
#2206 = AXIS2_PLACEMENT_3D('',#2207,#2208,#2209);
#2207 = CARTESIAN_POINT('',(-5.152600191565,11.7,1.699999955295));
#2208 = DIRECTION('',(0.,-1.,0.));
#2209 = DIRECTION('',(1.208477762299E-11,0.,-1.));
#2210 = ORIENTED_EDGE('',*,*,#2211,.T.);
#2211 = EDGE_CURVE('',#2203,#1166,#2212,.T.);
#2212 = LINE('',#2213,#2214);
#2213 = CARTESIAN_POINT('',(-7.152600245616,11.7,2.099999955297));
#2214 = VECTOR('',#2215,1.);
#2215 = DIRECTION('',(-1.,0.,-1.98438393011E-16));
#2216 = PLANE('',#2217);
#2217 = AXIS2_PLACEMENT_3D('',#2218,#2219,#2220);
#2218 = CARTESIAN_POINT('',(-11.27790388704,11.7,2.055432584451));
#2219 = DIRECTION('',(0.,-1.,0.));
#2220 = DIRECTION('',(1.,0.,0.));
#2221 = ADVANCED_FACE('',(#2222),#2243,.T.);
#2222 = FACE_BOUND('',#2223,.T.);
#2223 = EDGE_LOOP('',(#2224,#2225,#2226,#2227,#2228,#2229,#2230,#2236,
    #2237,#2238,#2239,#2240,#2241,#2242));
#2224 = ORIENTED_EDGE('',*,*,#1255,.F.);
#2225 = ORIENTED_EDGE('',*,*,#1295,.F.);
#2226 = ORIENTED_EDGE('',*,*,#1384,.F.);
#2227 = ORIENTED_EDGE('',*,*,#1206,.F.);
#2228 = ORIENTED_EDGE('',*,*,#1190,.F.);
#2229 = ORIENTED_EDGE('',*,*,#2211,.F.);
#2230 = ORIENTED_EDGE('',*,*,#2231,.F.);
#2231 = EDGE_CURVE('',#1100,#2203,#2232,.T.);
#2232 = LINE('',#2233,#2234);
#2233 = CARTESIAN_POINT('',(-5.152600191565,2.4,2.099999955297));
#2234 = VECTOR('',#2235,1.);
#2235 = DIRECTION('',(0.,1.,0.));
#2236 = ORIENTED_EDGE('',*,*,#1099,.T.);
#2237 = ORIENTED_EDGE('',*,*,#1083,.F.);
#2238 = ORIENTED_EDGE('',*,*,#1486,.F.);
#2239 = ORIENTED_EDGE('',*,*,#1411,.F.);
#2240 = ORIENTED_EDGE('',*,*,#1444,.F.);
#2241 = ORIENTED_EDGE('',*,*,#1458,.F.);
#2242 = ORIENTED_EDGE('',*,*,#1501,.T.);
#2243 = PLANE('',#2244);
#2244 = AXIS2_PLACEMENT_3D('',#2245,#2246,#2247);
#2245 = CARTESIAN_POINT('',(-5.152600191565,2.4,2.099999955297));
#2246 = DIRECTION('',(1.98438393011E-16,0.,-1.));
#2247 = DIRECTION('',(-1.,0.,-1.98438393011E-16));
#2248 = ADVANCED_FACE('',(#2249),#2255,.F.);
#2249 = FACE_BOUND('',#2250,.F.);
#2250 = EDGE_LOOP('',(#2251,#2252,#2253,#2254));
#2251 = ORIENTED_EDGE('',*,*,#2101,.T.);
#2252 = ORIENTED_EDGE('',*,*,#2202,.T.);
#2253 = ORIENTED_EDGE('',*,*,#2231,.F.);
#2254 = ORIENTED_EDGE('',*,*,#1107,.F.);
#2255 = CYLINDRICAL_SURFACE('',#2256,0.400000000002);
#2256 = AXIS2_PLACEMENT_3D('',#2257,#2258,#2259);
#2257 = CARTESIAN_POINT('',(-5.152600191565,2.4,1.699999955295));
#2258 = DIRECTION('',(0.,1.,0.));
#2259 = DIRECTION('',(1.208477762299E-11,0.,-1.));
#2260 = ADVANCED_FACE('',(#2261),#2272,.T.);
#2261 = FACE_BOUND('',#2262,.T.);
#2262 = EDGE_LOOP('',(#2263,#2264,#2265,#2266));
#2263 = ORIENTED_EDGE('',*,*,#2079,.F.);
#2264 = ORIENTED_EDGE('',*,*,#2140,.T.);
#2265 = ORIENTED_EDGE('',*,*,#2177,.F.);
#2266 = ORIENTED_EDGE('',*,*,#2267,.F.);
#2267 = EDGE_CURVE('',#2080,#2170,#2268,.T.);
#2268 = LINE('',#2269,#2270);
#2269 = CARTESIAN_POINT('',(-18.00393913838,2.4,1.199999955134));
#2270 = VECTOR('',#2271,1.);
#2271 = DIRECTION('',(0.,1.,0.));
#2272 = PLANE('',#2273);
#2273 = AXIS2_PLACEMENT_3D('',#2274,#2275,#2276);
#2274 = CARTESIAN_POINT('',(-18.00393913838,2.4,1.199999955134));
#2275 = DIRECTION('',(-1.,0.,2.486899575159E-12));
#2276 = DIRECTION('',(2.486899575159E-12,0.,1.));
#2277 = ADVANCED_FACE('',(#2278,#2305,#2308),#2311,.T.);
#2278 = FACE_BOUND('',#2279,.T.);
#2279 = EDGE_LOOP('',(#2280,#2286,#2287,#2288,#2289,#2290,#2291,#2292,
    #2293,#2294,#2295,#2296,#2297,#2298,#2299,#2300,#2301,#2302,#2303,
    #2304));
#2280 = ORIENTED_EDGE('',*,*,#2281,.F.);
#2281 = EDGE_CURVE('',#1133,#1518,#2282,.T.);
#2282 = LINE('',#2283,#2284);
#2283 = CARTESIAN_POINT('',(-5.152596736055,2.4,1.199999955293));
#2284 = VECTOR('',#2285,1.);
#2285 = DIRECTION('',(0.,1.,0.));
#2286 = ORIENTED_EDGE('',*,*,#1132,.F.);
#2287 = ORIENTED_EDGE('',*,*,#1704,.T.);
#2288 = ORIENTED_EDGE('',*,*,#1737,.F.);
#2289 = ORIENTED_EDGE('',*,*,#1768,.F.);
#2290 = ORIENTED_EDGE('',*,*,#1801,.F.);
#2291 = ORIENTED_EDGE('',*,*,#1832,.F.);
#2292 = ORIENTED_EDGE('',*,*,#1608,.F.);
#2293 = ORIENTED_EDGE('',*,*,#2087,.F.);
#2294 = ORIENTED_EDGE('',*,*,#2267,.T.);
#2295 = ORIENTED_EDGE('',*,*,#2169,.F.);
#2296 = ORIENTED_EDGE('',*,*,#1584,.F.);
#2297 = ORIENTED_EDGE('',*,*,#1856,.F.);
#2298 = ORIENTED_EDGE('',*,*,#1889,.F.);
#2299 = ORIENTED_EDGE('',*,*,#1920,.F.);
#2300 = ORIENTED_EDGE('',*,*,#1953,.F.);
#2301 = ORIENTED_EDGE('',*,*,#2002,.T.);
#2302 = ORIENTED_EDGE('',*,*,#2017,.F.);
#2303 = ORIENTED_EDGE('',*,*,#2048,.F.);
#2304 = ORIENTED_EDGE('',*,*,#1528,.F.);
#2305 = FACE_BOUND('',#2306,.T.);
#2306 = EDGE_LOOP('',(#2307));
#2307 = ORIENTED_EDGE('',*,*,#1681,.F.);
#2308 = FACE_BOUND('',#2309,.T.);
#2309 = EDGE_LOOP('',(#2310));
#2310 = ORIENTED_EDGE('',*,*,#1648,.F.);
#2311 = PLANE('',#2312);
#2312 = AXIS2_PLACEMENT_3D('',#2313,#2314,#2315);
#2313 = CARTESIAN_POINT('',(-5.152597468732,2.4,1.199999955289));
#2314 = DIRECTION('',(1.208084870134E-11,0.,-1.));
#2315 = DIRECTION('',(-1.,0.,-1.208084870134E-11));
#2316 = ADVANCED_FACE('',(#2317),#2325,.T.);
#2317 = FACE_BOUND('',#2318,.T.);
#2318 = EDGE_LOOP('',(#2319,#2320,#2321,#2322,#2323,#2324));
#2319 = ORIENTED_EDGE('',*,*,#2117,.T.);
#2320 = ORIENTED_EDGE('',*,*,#2194,.F.);
#2321 = ORIENTED_EDGE('',*,*,#1352,.F.);
#2322 = ORIENTED_EDGE('',*,*,#1140,.F.);
#2323 = ORIENTED_EDGE('',*,*,#2281,.T.);
#2324 = ORIENTED_EDGE('',*,*,#1517,.T.);
#2325 = CYLINDRICAL_SURFACE('',#2326,0.500000000015);
#2326 = AXIS2_PLACEMENT_3D('',#2327,#2328,#2329);
#2327 = CARTESIAN_POINT('',(-5.152600191565,2.4,1.699999955297));
#2328 = DIRECTION('',(0.,1.,0.));
#2329 = DIRECTION('',(5.445666606377E-06,0.,-0.999999999985));
#2330 = ( GEOMETRIC_REPRESENTATION_CONTEXT(3) 
GLOBAL_UNCERTAINTY_ASSIGNED_CONTEXT((#2334)) 
GLOBAL_UNIT_ASSIGNED_CONTEXT((#2331,#2332,#2333)) REPRESENTATION_CONTEXT
('Context #1','3D Context with UNIT and UNCERTAINTY') );
#2331 = ( LENGTH_UNIT() NAMED_UNIT(*) SI_UNIT(.MILLI.,.METRE.) );
#2332 = ( NAMED_UNIT(*) PLANE_ANGLE_UNIT() SI_UNIT($,.RADIAN.) );
#2333 = ( NAMED_UNIT(*) SI_UNIT($,.STERADIAN.) SOLID_ANGLE_UNIT() );
#2334 = UNCERTAINTY_MEASURE_WITH_UNIT(LENGTH_MEASURE(1.E-07),#2331,
  'distance_accuracy_value','confusion accuracy');
#2335 = CONTEXT_DEPENDENT_SHAPE_REPRESENTATION(#2336,#2338);
#2336 = ( REPRESENTATION_RELATIONSHIP('','',#1049,#10) 
REPRESENTATION_RELATIONSHIP_WITH_TRANSFORMATION(#2337) 
SHAPE_REPRESENTATION_RELATIONSHIP() );
#2337 = ITEM_DEFINED_TRANSFORMATION('','',#11,#31);
#2338 = PRODUCT_DEFINITION_SHAPE('Placement','Placement of an item',
  #2339);
#2339 = NEXT_ASSEMBLY_USAGE_OCCURRENCE('17',
  '0.96" SSD1312 display module v005','',#5,#1044,$);
#2340 = PRODUCT_RELATED_PRODUCT_CATEGORY('part',$,(#1046));
#2341 = SHAPE_DEFINITION_REPRESENTATION(#2342,#2348);
#2342 = PRODUCT_DEFINITION_SHAPE('','',#2343);
#2343 = PRODUCT_DEFINITION('design','',#2344,#2347);
#2344 = PRODUCT_DEFINITION_FORMATION('','',#2345);
#2345 = PRODUCT('0.96" SSD1312 display module v006',
  '0.96" SSD1312 display module v006','',(#2346));
#2346 = PRODUCT_CONTEXT('',#2,'mechanical');
#2347 = PRODUCT_DEFINITION_CONTEXT('part definition',#2,'design');
#2348 = ADVANCED_BREP_SHAPE_REPRESENTATION('',(#11,#2349),#2499);
#2349 = MANIFOLD_SOLID_BREP('',#2350);
#2350 = CLOSED_SHELL('',(#2351,#2391,#2422,#2453,#2475,#2487));
#2351 = ADVANCED_FACE('',(#2352),#2386,.T.);
#2352 = FACE_BOUND('',#2353,.T.);
#2353 = EDGE_LOOP('',(#2354,#2364,#2372,#2380));
#2354 = ORIENTED_EDGE('',*,*,#2355,.T.);
#2355 = EDGE_CURVE('',#2356,#2358,#2360,.T.);
#2356 = VERTEX_POINT('',#2357);
#2357 = CARTESIAN_POINT('',(-20.15000002526,1.05,1.7));
#2358 = VERTEX_POINT('',#2359);
#2359 = CARTESIAN_POINT('',(-20.15000002526,1.05,1.2));
#2360 = LINE('',#2361,#2362);
#2361 = CARTESIAN_POINT('',(-20.15000002526,1.05,1.7));
#2362 = VECTOR('',#2363,1.);
#2363 = DIRECTION('',(0.,0.,-1.));
#2364 = ORIENTED_EDGE('',*,*,#2365,.T.);
#2365 = EDGE_CURVE('',#2358,#2366,#2368,.T.);
#2366 = VERTEX_POINT('',#2367);
#2367 = CARTESIAN_POINT('',(-20.15000002526,13.05,1.2));
#2368 = LINE('',#2369,#2370);
#2369 = CARTESIAN_POINT('',(-20.15000002526,1.05,1.2));
#2370 = VECTOR('',#2371,1.);
#2371 = DIRECTION('',(0.,1.,0.));
#2372 = ORIENTED_EDGE('',*,*,#2373,.F.);
#2373 = EDGE_CURVE('',#2374,#2366,#2376,.T.);
#2374 = VERTEX_POINT('',#2375);
#2375 = CARTESIAN_POINT('',(-20.15000002526,13.05,1.7));
#2376 = LINE('',#2377,#2378);
#2377 = CARTESIAN_POINT('',(-20.15000002526,13.05,1.7));
#2378 = VECTOR('',#2379,1.);
#2379 = DIRECTION('',(0.,0.,-1.));
#2380 = ORIENTED_EDGE('',*,*,#2381,.F.);
#2381 = EDGE_CURVE('',#2356,#2374,#2382,.T.);
#2382 = LINE('',#2383,#2384);
#2383 = CARTESIAN_POINT('',(-20.15000002526,1.05,1.7));
#2384 = VECTOR('',#2385,1.);
#2385 = DIRECTION('',(0.,1.,0.));
#2386 = PLANE('',#2387);
#2387 = AXIS2_PLACEMENT_3D('',#2388,#2389,#2390);
#2388 = CARTESIAN_POINT('',(-20.15000002526,1.05,1.7));
#2389 = DIRECTION('',(1.,0.,0.));
#2390 = DIRECTION('',(0.,0.,-1.));
#2391 = ADVANCED_FACE('',(#2392),#2417,.T.);
#2392 = FACE_BOUND('',#2393,.T.);
#2393 = EDGE_LOOP('',(#2394,#2402,#2403,#2411));
#2394 = ORIENTED_EDGE('',*,*,#2395,.T.);
#2395 = EDGE_CURVE('',#2396,#2356,#2398,.T.);
#2396 = VERTEX_POINT('',#2397);
#2397 = CARTESIAN_POINT('',(-35.15000002526,1.05,1.7));
#2398 = LINE('',#2399,#2400);
#2399 = CARTESIAN_POINT('',(-35.15000002526,1.05,1.7));
#2400 = VECTOR('',#2401,1.);
#2401 = DIRECTION('',(1.,0.,0.));
#2402 = ORIENTED_EDGE('',*,*,#2381,.T.);
#2403 = ORIENTED_EDGE('',*,*,#2404,.F.);
#2404 = EDGE_CURVE('',#2405,#2374,#2407,.T.);
#2405 = VERTEX_POINT('',#2406);
#2406 = CARTESIAN_POINT('',(-35.15000002526,13.05,1.7));
#2407 = LINE('',#2408,#2409);
#2408 = CARTESIAN_POINT('',(-35.15000002526,13.05,1.7));
#2409 = VECTOR('',#2410,1.);
#2410 = DIRECTION('',(1.,0.,0.));
#2411 = ORIENTED_EDGE('',*,*,#2412,.F.);
#2412 = EDGE_CURVE('',#2396,#2405,#2413,.T.);
#2413 = LINE('',#2414,#2415);
#2414 = CARTESIAN_POINT('',(-35.15000002526,1.05,1.7));
#2415 = VECTOR('',#2416,1.);
#2416 = DIRECTION('',(0.,1.,0.));
#2417 = PLANE('',#2418);
#2418 = AXIS2_PLACEMENT_3D('',#2419,#2420,#2421);
#2419 = CARTESIAN_POINT('',(-35.15000002526,1.05,1.7));
#2420 = DIRECTION('',(0.,0.,1.));
#2421 = DIRECTION('',(1.,0.,-0.));
#2422 = ADVANCED_FACE('',(#2423),#2448,.T.);
#2423 = FACE_BOUND('',#2424,.T.);
#2424 = EDGE_LOOP('',(#2425,#2433,#2434,#2442));
#2425 = ORIENTED_EDGE('',*,*,#2426,.T.);
#2426 = EDGE_CURVE('',#2427,#2396,#2429,.T.);
#2427 = VERTEX_POINT('',#2428);
#2428 = CARTESIAN_POINT('',(-35.15000002526,1.05,1.2));
#2429 = LINE('',#2430,#2431);
#2430 = CARTESIAN_POINT('',(-35.15000002526,1.05,1.2));
#2431 = VECTOR('',#2432,1.);
#2432 = DIRECTION('',(0.,0.,1.));
#2433 = ORIENTED_EDGE('',*,*,#2412,.T.);
#2434 = ORIENTED_EDGE('',*,*,#2435,.F.);
#2435 = EDGE_CURVE('',#2436,#2405,#2438,.T.);
#2436 = VERTEX_POINT('',#2437);
#2437 = CARTESIAN_POINT('',(-35.15000002526,13.05,1.2));
#2438 = LINE('',#2439,#2440);
#2439 = CARTESIAN_POINT('',(-35.15000002526,13.05,1.2));
#2440 = VECTOR('',#2441,1.);
#2441 = DIRECTION('',(0.,0.,1.));
#2442 = ORIENTED_EDGE('',*,*,#2443,.F.);
#2443 = EDGE_CURVE('',#2427,#2436,#2444,.T.);
#2444 = LINE('',#2445,#2446);
#2445 = CARTESIAN_POINT('',(-35.15000002526,1.05,1.2));
#2446 = VECTOR('',#2447,1.);
#2447 = DIRECTION('',(0.,1.,0.));
#2448 = PLANE('',#2449);
#2449 = AXIS2_PLACEMENT_3D('',#2450,#2451,#2452);
#2450 = CARTESIAN_POINT('',(-35.15000002526,1.05,1.2));
#2451 = DIRECTION('',(-1.,0.,0.));
#2452 = DIRECTION('',(0.,0.,1.));
#2453 = ADVANCED_FACE('',(#2454),#2470,.T.);
#2454 = FACE_BOUND('',#2455,.T.);
#2455 = EDGE_LOOP('',(#2456,#2462,#2463,#2469));
#2456 = ORIENTED_EDGE('',*,*,#2457,.T.);
#2457 = EDGE_CURVE('',#2358,#2427,#2458,.T.);
#2458 = LINE('',#2459,#2460);
#2459 = CARTESIAN_POINT('',(-20.15000002526,1.05,1.2));
#2460 = VECTOR('',#2461,1.);
#2461 = DIRECTION('',(-1.,0.,0.));
#2462 = ORIENTED_EDGE('',*,*,#2443,.T.);
#2463 = ORIENTED_EDGE('',*,*,#2464,.F.);
#2464 = EDGE_CURVE('',#2366,#2436,#2465,.T.);
#2465 = LINE('',#2466,#2467);
#2466 = CARTESIAN_POINT('',(-20.15000002526,13.05,1.2));
#2467 = VECTOR('',#2468,1.);
#2468 = DIRECTION('',(-1.,0.,0.));
#2469 = ORIENTED_EDGE('',*,*,#2365,.F.);
#2470 = PLANE('',#2471);
#2471 = AXIS2_PLACEMENT_3D('',#2472,#2473,#2474);
#2472 = CARTESIAN_POINT('',(-20.15000002526,1.05,1.2));
#2473 = DIRECTION('',(0.,0.,-1.));
#2474 = DIRECTION('',(-1.,0.,0.));
#2475 = ADVANCED_FACE('',(#2476),#2482,.T.);
#2476 = FACE_BOUND('',#2477,.T.);
#2477 = EDGE_LOOP('',(#2478,#2479,#2480,#2481));
#2478 = ORIENTED_EDGE('',*,*,#2457,.F.);
#2479 = ORIENTED_EDGE('',*,*,#2355,.F.);
#2480 = ORIENTED_EDGE('',*,*,#2395,.F.);
#2481 = ORIENTED_EDGE('',*,*,#2426,.F.);
#2482 = PLANE('',#2483);
#2483 = AXIS2_PLACEMENT_3D('',#2484,#2485,#2486);
#2484 = CARTESIAN_POINT('',(-27.65000002526,1.05,1.45));
#2485 = DIRECTION('',(0.,-1.,0.));
#2486 = DIRECTION('',(1.,0.,0.));
#2487 = ADVANCED_FACE('',(#2488),#2494,.T.);
#2488 = FACE_BOUND('',#2489,.T.);
#2489 = EDGE_LOOP('',(#2490,#2491,#2492,#2493));
#2490 = ORIENTED_EDGE('',*,*,#2464,.T.);
#2491 = ORIENTED_EDGE('',*,*,#2435,.T.);
#2492 = ORIENTED_EDGE('',*,*,#2404,.T.);
#2493 = ORIENTED_EDGE('',*,*,#2373,.T.);
#2494 = PLANE('',#2495);
#2495 = AXIS2_PLACEMENT_3D('',#2496,#2497,#2498);
#2496 = CARTESIAN_POINT('',(-27.65000002526,13.05,1.45));
#2497 = DIRECTION('',(0.,1.,0.));
#2498 = DIRECTION('',(0.,-0.,1.));
#2499 = ( GEOMETRIC_REPRESENTATION_CONTEXT(3) 
GLOBAL_UNCERTAINTY_ASSIGNED_CONTEXT((#2503)) 
GLOBAL_UNIT_ASSIGNED_CONTEXT((#2500,#2501,#2502)) REPRESENTATION_CONTEXT
('Context #1','3D Context with UNIT and UNCERTAINTY') );
#2500 = ( LENGTH_UNIT() NAMED_UNIT(*) SI_UNIT(.MILLI.,.METRE.) );
#2501 = ( NAMED_UNIT(*) PLANE_ANGLE_UNIT() SI_UNIT($,.RADIAN.) );
#2502 = ( NAMED_UNIT(*) SI_UNIT($,.STERADIAN.) SOLID_ANGLE_UNIT() );
#2503 = UNCERTAINTY_MEASURE_WITH_UNIT(LENGTH_MEASURE(1.E-07),#2500,
  'distance_accuracy_value','confusion accuracy');
#2504 = CONTEXT_DEPENDENT_SHAPE_REPRESENTATION(#2505,#2507);
#2505 = ( REPRESENTATION_RELATIONSHIP('','',#2348,#10) 
REPRESENTATION_RELATIONSHIP_WITH_TRANSFORMATION(#2506) 
SHAPE_REPRESENTATION_RELATIONSHIP() );
#2506 = ITEM_DEFINED_TRANSFORMATION('','',#11,#35);
#2507 = PRODUCT_DEFINITION_SHAPE('Placement','Placement of an item',
  #2508);
#2508 = NEXT_ASSEMBLY_USAGE_OCCURRENCE('18',
  '0.96" SSD1312 display module v006','',#5,#2343,$);
#2509 = PRODUCT_RELATED_PRODUCT_CATEGORY('part',$,(#2345));
#2510 = SHAPE_DEFINITION_REPRESENTATION(#2511,#2517);
#2511 = PRODUCT_DEFINITION_SHAPE('','',#2512);
#2512 = PRODUCT_DEFINITION('design','',#2513,#2516);
#2513 = PRODUCT_DEFINITION_FORMATION('','',#2514);
#2514 = PRODUCT('0.96" SSD1312 display module v008',
  '0.96" SSD1312 display module v008','',(#2515));
#2515 = PRODUCT_CONTEXT('',#2,'mechanical');
#2516 = PRODUCT_DEFINITION_CONTEXT('part definition',#2,'design');
#2517 = ADVANCED_BREP_SHAPE_REPRESENTATION('',(#11,#2518),#3040);
#2518 = MANIFOLD_SOLID_BREP('',#2519);
#2519 = CLOSED_SHELL('',(#2520,#2560,#2621,#2652,#2701,#2771,#2823,#2851
    ,#2879,#2928,#2963,#2994,#3016,#3028));
#2520 = ADVANCED_FACE('',(#2521),#2555,.T.);
#2521 = FACE_BOUND('',#2522,.T.);
#2522 = EDGE_LOOP('',(#2523,#2533,#2541,#2549));
#2523 = ORIENTED_EDGE('',*,*,#2524,.F.);
#2524 = EDGE_CURVE('',#2525,#2527,#2529,.T.);
#2525 = VERTEX_POINT('',#2526);
#2526 = CARTESIAN_POINT('',(-5.152596736055,3.4,1.199999955293));
#2527 = VERTEX_POINT('',#2528);
#2528 = CARTESIAN_POINT('',(-4.968562468732,3.4,1.199999955291));
#2529 = LINE('',#2530,#2531);
#2530 = CARTESIAN_POINT('',(-5.152600191561,3.4,1.199999955291));
#2531 = VECTOR('',#2532,1.);
#2532 = DIRECTION('',(1.,0.,0.));
#2533 = ORIENTED_EDGE('',*,*,#2534,.T.);
#2534 = EDGE_CURVE('',#2525,#2535,#2537,.T.);
#2535 = VERTEX_POINT('',#2536);
#2536 = CARTESIAN_POINT('',(-5.152596736055,10.7,1.199999955293));
#2537 = LINE('',#2538,#2539);
#2538 = CARTESIAN_POINT('',(-5.152596736055,3.4,1.199999955293));
#2539 = VECTOR('',#2540,1.);
#2540 = DIRECTION('',(0.,1.,0.));
#2541 = ORIENTED_EDGE('',*,*,#2542,.F.);
#2542 = EDGE_CURVE('',#2543,#2535,#2545,.T.);
#2543 = VERTEX_POINT('',#2544);
#2544 = CARTESIAN_POINT('',(-4.968562468732,10.7,1.199999955291));
#2545 = LINE('',#2546,#2547);
#2546 = CARTESIAN_POINT('',(-5.152600191561,10.7,1.199999955291));
#2547 = VECTOR('',#2548,1.);
#2548 = DIRECTION('',(-1.,0.,0.));
#2549 = ORIENTED_EDGE('',*,*,#2550,.F.);
#2550 = EDGE_CURVE('',#2527,#2543,#2551,.T.);
#2551 = LINE('',#2552,#2553);
#2552 = CARTESIAN_POINT('',(-4.968562468732,3.4,1.199999955291));
#2553 = VECTOR('',#2554,1.);
#2554 = DIRECTION('',(0.,1.,0.));
#2555 = PLANE('',#2556);
#2556 = AXIS2_PLACEMENT_3D('',#2557,#2558,#2559);
#2557 = CARTESIAN_POINT('',(-4.968562468732,3.4,1.199999955291));
#2558 = DIRECTION('',(0.,0.,-1.));
#2559 = DIRECTION('',(-1.,0.,0.));
#2560 = ADVANCED_FACE('',(#2561),#2600,.T.);
#2561 = FACE_BOUND('',#2562,.T.);
#2562 = EDGE_LOOP('',(#2563,#2578,#2579,#2594));
#2563 = ORIENTED_EDGE('',*,*,#2564,.T.);
#2564 = EDGE_CURVE('',#2565,#2527,#2567,.T.);
#2565 = VERTEX_POINT('',#2566);
#2566 = CARTESIAN_POINT('',(-4.551902182256,3.4,1.702993823508));
#2567 = B_SPLINE_CURVE_WITH_KNOTS('',5,(#2568,#2569,#2570,#2571,#2572,
    #2573,#2574,#2575,#2576,#2577),.UNSPECIFIED.,.F.,.F.,(6,1,1,1,1,6),(
    0.,0.2,0.4,0.6,0.8,1.),.QUASI_UNIFORM_KNOTS.);
#2568 = CARTESIAN_POINT('',(-4.551902182256,3.4,1.702993823508));
#2569 = CARTESIAN_POINT('',(-4.555417806571,3.4,1.676278368121));
#2570 = CARTESIAN_POINT('',(-4.563977900717,3.4,1.623614240907));
#2571 = CARTESIAN_POINT('',(-4.581402650144,3.4,1.546917433617));
#2572 = CARTESIAN_POINT('',(-4.614442052527,3.4,1.44957336825));
#2573 = CARTESIAN_POINT('',(-4.680081197238,3.4,1.340100817403));
#2574 = CARTESIAN_POINT('',(-4.764333967066,3.4,1.26844251804));
#2575 = CARTESIAN_POINT('',(-4.854346352296,3.4,1.228151616494));
#2576 = CARTESIAN_POINT('',(-4.928183533873,3.4,1.20822683209));
#2577 = CARTESIAN_POINT('',(-4.968562468732,3.4,1.199999955291));
#2578 = ORIENTED_EDGE('',*,*,#2550,.T.);
#2579 = ORIENTED_EDGE('',*,*,#2580,.F.);
#2580 = EDGE_CURVE('',#2581,#2543,#2583,.T.);
#2581 = VERTEX_POINT('',#2582);
#2582 = CARTESIAN_POINT('',(-4.551902182256,10.7,1.702993823508));
#2583 = B_SPLINE_CURVE_WITH_KNOTS('',5,(#2584,#2585,#2586,#2587,#2588,
    #2589,#2590,#2591,#2592,#2593),.UNSPECIFIED.,.F.,.F.,(6,1,1,1,1,6),(
    0.,0.2,0.4,0.6,0.8,1.),.QUASI_UNIFORM_KNOTS.);
#2584 = CARTESIAN_POINT('',(-4.551902182256,10.7,1.702993823508));
#2585 = CARTESIAN_POINT('',(-4.555417806571,10.7,1.676278368121));
#2586 = CARTESIAN_POINT('',(-4.563977900717,10.7,1.623614240907));
#2587 = CARTESIAN_POINT('',(-4.581402650144,10.7,1.546917433617));
#2588 = CARTESIAN_POINT('',(-4.614442052527,10.7,1.44957336825));
#2589 = CARTESIAN_POINT('',(-4.680081197238,10.7,1.340100817403));
#2590 = CARTESIAN_POINT('',(-4.764333967066,10.7,1.26844251804));
#2591 = CARTESIAN_POINT('',(-4.854346352296,10.7,1.228151616494));
#2592 = CARTESIAN_POINT('',(-4.928183533873,10.7,1.20822683209));
#2593 = CARTESIAN_POINT('',(-4.968562468732,10.7,1.199999955291));
#2594 = ORIENTED_EDGE('',*,*,#2595,.F.);
#2595 = EDGE_CURVE('',#2565,#2581,#2596,.T.);
#2596 = LINE('',#2597,#2598);
#2597 = CARTESIAN_POINT('',(-4.551902182256,3.4,1.702993823508));
#2598 = VECTOR('',#2599,1.);
#2599 = DIRECTION('',(0.,1.,0.));
#2600 = B_SPLINE_SURFACE_WITH_KNOTS('',5,1,(
    (#2601,#2602)
    ,(#2603,#2604)
    ,(#2605,#2606)
    ,(#2607,#2608)
    ,(#2609,#2610)
    ,(#2611,#2612)
    ,(#2613,#2614)
    ,(#2615,#2616)
    ,(#2617,#2618)
    ,(#2619,#2620
    )),.UNSPECIFIED.,.F.,.F.,.F.,(6,1,1,1,1,6),(2,2),(0.,0.2,0.4,0.6,0.8
    ,1.),(0.,0.73),.UNSPECIFIED.);
#2601 = CARTESIAN_POINT('',(-4.551902182256,3.4,1.702993823508));
#2602 = CARTESIAN_POINT('',(-4.551902182256,10.7,1.702993823508));
#2603 = CARTESIAN_POINT('',(-4.555417806571,3.4,1.676278368121));
#2604 = CARTESIAN_POINT('',(-4.555417806571,10.7,1.676278368121));
#2605 = CARTESIAN_POINT('',(-4.563977900717,3.4,1.623614240907));
#2606 = CARTESIAN_POINT('',(-4.563977900717,10.7,1.623614240907));
#2607 = CARTESIAN_POINT('',(-4.581402650144,3.4,1.546917433617));
#2608 = CARTESIAN_POINT('',(-4.581402650144,10.7,1.546917433617));
#2609 = CARTESIAN_POINT('',(-4.614442052527,3.4,1.44957336825));
#2610 = CARTESIAN_POINT('',(-4.614442052527,10.7,1.44957336825));
#2611 = CARTESIAN_POINT('',(-4.680081197238,3.4,1.340100817403));
#2612 = CARTESIAN_POINT('',(-4.680081197238,10.7,1.340100817403));
#2613 = CARTESIAN_POINT('',(-4.764333967066,3.4,1.26844251804));
#2614 = CARTESIAN_POINT('',(-4.764333967066,10.7,1.26844251804));
#2615 = CARTESIAN_POINT('',(-4.854346352296,3.4,1.228151616494));
#2616 = CARTESIAN_POINT('',(-4.854346352296,10.7,1.228151616494));
#2617 = CARTESIAN_POINT('',(-4.928183533873,3.4,1.20822683209));
#2618 = CARTESIAN_POINT('',(-4.928183533873,10.7,1.20822683209));
#2619 = CARTESIAN_POINT('',(-4.968562468732,3.4,1.199999955291));
#2620 = CARTESIAN_POINT('',(-4.968562468732,10.7,1.199999955291));
#2621 = ADVANCED_FACE('',(#2622),#2647,.T.);
#2622 = FACE_BOUND('',#2623,.T.);
#2623 = EDGE_LOOP('',(#2624,#2632,#2633,#2641));
#2624 = ORIENTED_EDGE('',*,*,#2625,.T.);
#2625 = EDGE_CURVE('',#2626,#2565,#2628,.T.);
#2626 = VERTEX_POINT('',#2627);
#2627 = CARTESIAN_POINT('',(-4.551868635716,3.4,1.749646674667));
#2628 = LINE('',#2629,#2630);
#2629 = CARTESIAN_POINT('',(-4.551868635716,3.4,1.749646674667));
#2630 = VECTOR('',#2631,1.);
#2631 = DIRECTION('',(-7.190671377536E-04,0.,-0.999999741471));
#2632 = ORIENTED_EDGE('',*,*,#2595,.T.);
#2633 = ORIENTED_EDGE('',*,*,#2634,.F.);
#2634 = EDGE_CURVE('',#2635,#2581,#2637,.T.);
#2635 = VERTEX_POINT('',#2636);
#2636 = CARTESIAN_POINT('',(-4.551868635716,10.7,1.749646674667));
#2637 = LINE('',#2638,#2639);
#2638 = CARTESIAN_POINT('',(-4.551868635716,10.7,1.749646674667));
#2639 = VECTOR('',#2640,1.);
#2640 = DIRECTION('',(-7.190671377536E-04,0.,-0.999999741471));
#2641 = ORIENTED_EDGE('',*,*,#2642,.F.);
#2642 = EDGE_CURVE('',#2626,#2635,#2643,.T.);
#2643 = LINE('',#2644,#2645);
#2644 = CARTESIAN_POINT('',(-4.551868635716,3.4,1.749646674667));
#2645 = VECTOR('',#2646,1.);
#2646 = DIRECTION('',(0.,1.,0.));
#2647 = PLANE('',#2648);
#2648 = AXIS2_PLACEMENT_3D('',#2649,#2650,#2651);
#2649 = CARTESIAN_POINT('',(-4.551868635716,3.4,1.749646674667));
#2650 = DIRECTION('',(0.999999741471,0.,-7.190671377536E-04));
#2651 = DIRECTION('',(-7.190671377536E-04,0.,-0.999999741471));
#2652 = ADVANCED_FACE('',(#2653),#2686,.T.);
#2653 = FACE_BOUND('',#2654,.T.);
#2654 = EDGE_LOOP('',(#2655,#2667,#2668,#2680));
#2655 = ORIENTED_EDGE('',*,*,#2656,.T.);
#2656 = EDGE_CURVE('',#2657,#2626,#2659,.T.);
#2657 = VERTEX_POINT('',#2658);
#2658 = CARTESIAN_POINT('',(-7.150397862893,3.4,2.886407975726));
#2659 = B_SPLINE_CURVE_WITH_KNOTS('',3,(#2660,#2661,#2662,#2663,#2664,
    #2665,#2666),.UNSPECIFIED.,.F.,.F.,(4,3,4),(3.203530130941E-02,
    0.508129215133,0.589294528317),.UNSPECIFIED.);
#2660 = CARTESIAN_POINT('',(-7.150397862893,3.4,2.886407975726));
#2661 = CARTESIAN_POINT('',(-5.73193010072,3.4,2.754010873419));
#2662 = CARTESIAN_POINT('',(-4.860895247276,3.4,2.45547757447));
#2663 = CARTESIAN_POINT('',(-4.621903855723,3.4,1.986901085374));
#2664 = CARTESIAN_POINT('',(-4.581160190281,3.4,1.907017355748));
#2665 = CARTESIAN_POINT('',(-4.559006464401,3.4,1.826991478766));
#2666 = CARTESIAN_POINT('',(-4.551868635716,3.4,1.749646674667));
#2667 = ORIENTED_EDGE('',*,*,#2642,.T.);
#2668 = ORIENTED_EDGE('',*,*,#2669,.F.);
#2669 = EDGE_CURVE('',#2670,#2635,#2672,.T.);
#2670 = VERTEX_POINT('',#2671);
#2671 = CARTESIAN_POINT('',(-7.150397862893,10.7,2.886407975726));
#2672 = B_SPLINE_CURVE_WITH_KNOTS('',3,(#2673,#2674,#2675,#2676,#2677,
    #2678,#2679),.UNSPECIFIED.,.F.,.F.,(4,3,4),(3.203530130941E-02,
    0.508129215133,0.589294528317),.UNSPECIFIED.);
#2673 = CARTESIAN_POINT('',(-7.150397862893,10.7,2.886407975726));
#2674 = CARTESIAN_POINT('',(-5.73193010072,10.7,2.754010873419));
#2675 = CARTESIAN_POINT('',(-4.860895247276,10.7,2.45547757447));
#2676 = CARTESIAN_POINT('',(-4.621903855723,10.7,1.986901085374));
#2677 = CARTESIAN_POINT('',(-4.581160190281,10.7,1.907017355748));
#2678 = CARTESIAN_POINT('',(-4.559006464401,10.7,1.826991478766));
#2679 = CARTESIAN_POINT('',(-4.551868635716,10.7,1.749646674667));
#2680 = ORIENTED_EDGE('',*,*,#2681,.F.);
#2681 = EDGE_CURVE('',#2657,#2670,#2682,.T.);
#2682 = LINE('',#2683,#2684);
#2683 = CARTESIAN_POINT('',(-7.150397862893,3.4,2.886407975726));
#2684 = VECTOR('',#2685,1.);
#2685 = DIRECTION('',(0.,1.,0.));
#2686 = B_SPLINE_SURFACE_WITH_KNOTS('',3,1,(
    (#2687,#2688)
    ,(#2689,#2690)
    ,(#2691,#2692)
    ,(#2693,#2694)
    ,(#2695,#2696)
    ,(#2697,#2698)
    ,(#2699,#2700
    )),.UNSPECIFIED.,.F.,.F.,.F.,(4,3,4),(2,2),(3.203530130941E-02,
    0.508129215133,0.589294528317),(0.,0.73),.UNSPECIFIED.);
#2687 = CARTESIAN_POINT('',(-7.150397862893,3.4,2.886407975726));
#2688 = CARTESIAN_POINT('',(-7.150397862893,10.7,2.886407975726));
#2689 = CARTESIAN_POINT('',(-5.73193010072,3.4,2.754010873419));
#2690 = CARTESIAN_POINT('',(-5.73193010072,10.7,2.754010873419));
#2691 = CARTESIAN_POINT('',(-4.860895247276,3.4,2.45547757447));
#2692 = CARTESIAN_POINT('',(-4.860895247276,10.7,2.45547757447));
#2693 = CARTESIAN_POINT('',(-4.621903855723,3.4,1.986901085374));
#2694 = CARTESIAN_POINT('',(-4.621903855723,10.7,1.986901085374));
#2695 = CARTESIAN_POINT('',(-4.581160190281,3.4,1.907017355748));
#2696 = CARTESIAN_POINT('',(-4.581160190281,10.7,1.907017355748));
#2697 = CARTESIAN_POINT('',(-4.559006464401,3.4,1.826991478766));
#2698 = CARTESIAN_POINT('',(-4.559006464401,10.7,1.826991478766));
#2699 = CARTESIAN_POINT('',(-4.551868635716,3.4,1.749646674667));
#2700 = CARTESIAN_POINT('',(-4.551868635716,10.7,1.749646674667));
#2701 = ADVANCED_FACE('',(#2702),#2750,.T.);
#2702 = FACE_BOUND('',#2703,.T.);
#2703 = EDGE_LOOP('',(#2704,#2721,#2729,#2744));
#2704 = ORIENTED_EDGE('',*,*,#2705,.F.);
#2705 = EDGE_CURVE('',#2706,#2708,#2710,.T.);
#2706 = VERTEX_POINT('',#2707);
#2707 = CARTESIAN_POINT('',(-7.152614830962,3.4,2.799999955119));
#2708 = VERTEX_POINT('',#2709);
#2709 = CARTESIAN_POINT('',(-4.651902182256,3.4,1.702993823508));
#2710 = B_SPLINE_CURVE_WITH_KNOTS('',5,(#2711,#2712,#2713,#2714,#2715,
    #2716,#2717,#2718,#2719,#2720),.UNSPECIFIED.,.F.,.F.,(6,1,1,1,1,6),(
    0.,0.2,0.4,0.6,0.8,1.),.QUASI_UNIFORM_KNOTS.);
#2711 = CARTESIAN_POINT('',(-7.152614830962,3.4,2.799999955119));
#2712 = CARTESIAN_POINT('',(-6.99688840897,3.4,2.779656904302));
#2713 = CARTESIAN_POINT('',(-6.691910729428,3.4,2.73623448477));
#2714 = CARTESIAN_POINT('',(-6.253861536257,3.4,2.662895353122));
#2715 = CARTESIAN_POINT('',(-5.711329293377,3.4,2.547558406829));
#2716 = CARTESIAN_POINT('',(-5.136251449965,3.4,2.359823841922));
#2717 = CARTESIAN_POINT('',(-4.810624690301,3.4,2.152825539195));
#2718 = CARTESIAN_POINT('',(-4.680008048525,3.4,1.949569522756));
#2719 = CARTESIAN_POINT('',(-4.651500339587,3.4,1.789314591));
#2720 = CARTESIAN_POINT('',(-4.651902182256,3.4,1.702993823508));
#2721 = ORIENTED_EDGE('',*,*,#2722,.F.);
#2722 = EDGE_CURVE('',#2723,#2706,#2725,.T.);
#2723 = VERTEX_POINT('',#2724);
#2724 = CARTESIAN_POINT('',(-7.152614830962,10.7,2.799999955119));
#2725 = LINE('',#2726,#2727);
#2726 = CARTESIAN_POINT('',(-7.152614830962,3.4,2.799999955119));
#2727 = VECTOR('',#2728,1.);
#2728 = DIRECTION('',(0.,-1.,0.));
#2729 = ORIENTED_EDGE('',*,*,#2730,.F.);
#2730 = EDGE_CURVE('',#2731,#2723,#2733,.T.);
#2731 = VERTEX_POINT('',#2732);
#2732 = CARTESIAN_POINT('',(-4.651902182256,10.7,1.702993823508));
#2733 = B_SPLINE_CURVE_WITH_KNOTS('',5,(#2734,#2735,#2736,#2737,#2738,
    #2739,#2740,#2741,#2742,#2743),.UNSPECIFIED.,.F.,.F.,(6,1,1,1,1,6),(
    -1.,-0.8,-0.6,-0.4,-0.2,0.),.QUASI_UNIFORM_KNOTS.);
#2734 = CARTESIAN_POINT('',(-4.651902182256,10.7,1.702993823508));
#2735 = CARTESIAN_POINT('',(-4.651500339587,10.7,1.789314591));
#2736 = CARTESIAN_POINT('',(-4.680008048525,10.7,1.949569522756));
#2737 = CARTESIAN_POINT('',(-4.810624690301,10.7,2.152825539195));
#2738 = CARTESIAN_POINT('',(-5.136251449965,10.7,2.359823841922));
#2739 = CARTESIAN_POINT('',(-5.711329293377,10.7,2.547558406829));
#2740 = CARTESIAN_POINT('',(-6.253861536257,10.7,2.662895353122));
#2741 = CARTESIAN_POINT('',(-6.691910729428,10.7,2.73623448477));
#2742 = CARTESIAN_POINT('',(-6.99688840897,10.7,2.779656904302));
#2743 = CARTESIAN_POINT('',(-7.152614830962,10.7,2.799999955119));
#2744 = ORIENTED_EDGE('',*,*,#2745,.F.);
#2745 = EDGE_CURVE('',#2708,#2731,#2746,.T.);
#2746 = LINE('',#2747,#2748);
#2747 = CARTESIAN_POINT('',(-4.651902182256,3.4,1.702993823508));
#2748 = VECTOR('',#2749,1.);
#2749 = DIRECTION('',(0.,1.,0.));
#2750 = B_SPLINE_SURFACE_WITH_KNOTS('',5,1,(
    (#2751,#2752)
    ,(#2753,#2754)
    ,(#2755,#2756)
    ,(#2757,#2758)
    ,(#2759,#2760)
    ,(#2761,#2762)
    ,(#2763,#2764)
    ,(#2765,#2766)
    ,(#2767,#2768)
    ,(#2769,#2770
    )),.UNSPECIFIED.,.F.,.F.,.F.,(6,1,1,1,1,6),(2,2),(-1.,-0.8,-0.6,-0.4
    ,-0.2,0.),(0.,0.73),.UNSPECIFIED.);
#2751 = CARTESIAN_POINT('',(-4.651902182256,3.4,1.702993823508));
#2752 = CARTESIAN_POINT('',(-4.651902182256,10.7,1.702993823508));
#2753 = CARTESIAN_POINT('',(-4.651500339587,3.4,1.789314591));
#2754 = CARTESIAN_POINT('',(-4.651500339587,10.7,1.789314591));
#2755 = CARTESIAN_POINT('',(-4.680008048525,3.4,1.949569522756));
#2756 = CARTESIAN_POINT('',(-4.680008048525,10.7,1.949569522756));
#2757 = CARTESIAN_POINT('',(-4.810624690301,3.4,2.152825539195));
#2758 = CARTESIAN_POINT('',(-4.810624690301,10.7,2.152825539195));
#2759 = CARTESIAN_POINT('',(-5.136251449965,3.4,2.359823841922));
#2760 = CARTESIAN_POINT('',(-5.136251449965,10.7,2.359823841922));
#2761 = CARTESIAN_POINT('',(-5.711329293377,3.4,2.547558406829));
#2762 = CARTESIAN_POINT('',(-5.711329293377,10.7,2.547558406829));
#2763 = CARTESIAN_POINT('',(-6.253861536257,3.4,2.662895353122));
#2764 = CARTESIAN_POINT('',(-6.253861536257,10.7,2.662895353122));
#2765 = CARTESIAN_POINT('',(-6.691910729428,3.4,2.73623448477));
#2766 = CARTESIAN_POINT('',(-6.691910729428,10.7,2.73623448477));
#2767 = CARTESIAN_POINT('',(-6.99688840897,3.4,2.779656904302));
#2768 = CARTESIAN_POINT('',(-6.99688840897,10.7,2.779656904302));
#2769 = CARTESIAN_POINT('',(-7.152614830962,3.4,2.799999955119));
#2770 = CARTESIAN_POINT('',(-7.152614830962,10.7,2.799999955119));
#2771 = ADVANCED_FACE('',(#2772),#2802,.T.);
#2772 = FACE_BOUND('',#2773,.T.);
#2773 = EDGE_LOOP('',(#2774,#2787,#2788,#2801));
#2774 = ORIENTED_EDGE('',*,*,#2775,.F.);
#2775 = EDGE_CURVE('',#2708,#2525,#2776,.T.);
#2776 = B_SPLINE_CURVE_WITH_KNOTS('',5,(#2777,#2778,#2779,#2780,#2781,
    #2782,#2783,#2784,#2785,#2786),.UNSPECIFIED.,.F.,.F.,(6,1,1,1,1,6),(
    0.,0.2,0.4,0.6,0.8,1.),.QUASI_UNIFORM_KNOTS.);
#2777 = CARTESIAN_POINT('',(-4.651902182256,3.4,1.702993823508));
#2778 = CARTESIAN_POINT('',(-4.652104328112,3.4,1.659570397632));
#2779 = CARTESIAN_POINT('',(-4.658389381725,3.4,1.578512849274));
#2780 = CARTESIAN_POINT('',(-4.685443287156,3.4,1.474279776089));
#2781 = CARTESIAN_POINT('',(-4.751826938846,3.4,1.366054720984));
#2782 = CARTESIAN_POINT('',(-4.867884052754,3.4,1.270789611571));
#2783 = CARTESIAN_POINT('',(-4.976152954065,3.4,1.222891744454));
#2784 = CARTESIAN_POINT('',(-5.062573220209,3.4,1.204163846366));
#2785 = CARTESIAN_POINT('',(-5.12224564587,3.4,1.199999955293));
#2786 = CARTESIAN_POINT('',(-5.152596736055,3.4,1.199999955293));
#2787 = ORIENTED_EDGE('',*,*,#2745,.T.);
#2788 = ORIENTED_EDGE('',*,*,#2789,.F.);
#2789 = EDGE_CURVE('',#2535,#2731,#2790,.T.);
#2790 = B_SPLINE_CURVE_WITH_KNOTS('',5,(#2791,#2792,#2793,#2794,#2795,
    #2796,#2797,#2798,#2799,#2800),.UNSPECIFIED.,.F.,.F.,(6,1,1,1,1,6),(
    -1.,-0.8,-0.6,-0.4,-0.2,0.),.QUASI_UNIFORM_KNOTS.);
#2791 = CARTESIAN_POINT('',(-5.152596736055,10.7,1.199999955293));
#2792 = CARTESIAN_POINT('',(-5.12224564587,10.7,1.199999955293));
#2793 = CARTESIAN_POINT('',(-5.062573220209,10.7,1.204163846366));
#2794 = CARTESIAN_POINT('',(-4.976152954065,10.7,1.222891744454));
#2795 = CARTESIAN_POINT('',(-4.867884052754,10.7,1.270789611571));
#2796 = CARTESIAN_POINT('',(-4.751826938846,10.7,1.366054720984));
#2797 = CARTESIAN_POINT('',(-4.685443287156,10.7,1.474279776089));
#2798 = CARTESIAN_POINT('',(-4.658389381725,10.7,1.578512849274));
#2799 = CARTESIAN_POINT('',(-4.652104328112,10.7,1.659570397632));
#2800 = CARTESIAN_POINT('',(-4.651902182256,10.7,1.702993823508));
#2801 = ORIENTED_EDGE('',*,*,#2534,.F.);
#2802 = B_SPLINE_SURFACE_WITH_KNOTS('',5,1,(
    (#2803,#2804)
    ,(#2805,#2806)
    ,(#2807,#2808)
    ,(#2809,#2810)
    ,(#2811,#2812)
    ,(#2813,#2814)
    ,(#2815,#2816)
    ,(#2817,#2818)
    ,(#2819,#2820)
    ,(#2821,#2822
    )),.UNSPECIFIED.,.F.,.F.,.F.,(6,1,1,1,1,6),(2,2),(-1.,-0.8,-0.6,-0.4
    ,-0.2,0.),(0.,0.73),.UNSPECIFIED.);
#2803 = CARTESIAN_POINT('',(-5.152596736055,3.4,1.199999955293));
#2804 = CARTESIAN_POINT('',(-5.152596736055,10.7,1.199999955293));
#2805 = CARTESIAN_POINT('',(-5.12224564587,3.4,1.199999955293));
#2806 = CARTESIAN_POINT('',(-5.12224564587,10.7,1.199999955293));
#2807 = CARTESIAN_POINT('',(-5.062573220209,3.4,1.204163846366));
#2808 = CARTESIAN_POINT('',(-5.062573220209,10.7,1.204163846366));
#2809 = CARTESIAN_POINT('',(-4.976152954065,3.4,1.222891744454));
#2810 = CARTESIAN_POINT('',(-4.976152954065,10.7,1.222891744454));
#2811 = CARTESIAN_POINT('',(-4.867884052754,3.4,1.270789611571));
#2812 = CARTESIAN_POINT('',(-4.867884052754,10.7,1.270789611571));
#2813 = CARTESIAN_POINT('',(-4.751826938846,3.4,1.366054720984));
#2814 = CARTESIAN_POINT('',(-4.751826938846,10.7,1.366054720984));
#2815 = CARTESIAN_POINT('',(-4.685443287156,3.4,1.474279776089));
#2816 = CARTESIAN_POINT('',(-4.685443287156,10.7,1.474279776089));
#2817 = CARTESIAN_POINT('',(-4.658389381725,3.4,1.578512849274));
#2818 = CARTESIAN_POINT('',(-4.658389381725,10.7,1.578512849274));
#2819 = CARTESIAN_POINT('',(-4.652104328112,3.4,1.659570397632));
#2820 = CARTESIAN_POINT('',(-4.652104328112,10.7,1.659570397632));
#2821 = CARTESIAN_POINT('',(-4.651902182256,3.4,1.702993823508));
#2822 = CARTESIAN_POINT('',(-4.651902182256,10.7,1.702993823508));
#2823 = ADVANCED_FACE('',(#2824),#2846,.T.);
#2824 = FACE_BOUND('',#2825,.T.);
#2825 = EDGE_LOOP('',(#2826,#2827,#2828,#2829,#2830,#2831,#2839,#2845));
#2826 = ORIENTED_EDGE('',*,*,#2775,.T.);
#2827 = ORIENTED_EDGE('',*,*,#2524,.T.);
#2828 = ORIENTED_EDGE('',*,*,#2564,.F.);
#2829 = ORIENTED_EDGE('',*,*,#2625,.F.);
#2830 = ORIENTED_EDGE('',*,*,#2656,.F.);
#2831 = ORIENTED_EDGE('',*,*,#2832,.F.);
#2832 = EDGE_CURVE('',#2833,#2657,#2835,.T.);
#2833 = VERTEX_POINT('',#2834);
#2834 = CARTESIAN_POINT('',(-7.150397862893,3.4,2.799999955119));
#2835 = LINE('',#2836,#2837);
#2836 = CARTESIAN_POINT('',(-7.150397862893,3.4,2.175745058384));
#2837 = VECTOR('',#2838,1.);
#2838 = DIRECTION('',(0.,0.,1.));
#2839 = ORIENTED_EDGE('',*,*,#2840,.F.);
#2840 = EDGE_CURVE('',#2706,#2833,#2841,.T.);
#2841 = LINE('',#2842,#2843);
#2842 = CARTESIAN_POINT('',(-6.001327024901,3.4,2.799999955119));
#2843 = VECTOR('',#2844,1.);
#2844 = DIRECTION('',(1.,0.,0.));
#2845 = ORIENTED_EDGE('',*,*,#2705,.T.);
#2846 = PLANE('',#2847);
#2847 = AXIS2_PLACEMENT_3D('',#2848,#2849,#2850);
#2848 = CARTESIAN_POINT('',(-4.852256186909,3.4,1.451490161648));
#2849 = DIRECTION('',(0.,-1.,0.));
#2850 = DIRECTION('',(1.,0.,0.));
#2851 = ADVANCED_FACE('',(#2852),#2874,.F.);
#2852 = FACE_BOUND('',#2853,.T.);
#2853 = EDGE_LOOP('',(#2854,#2855,#2856,#2864,#2870,#2871,#2872,#2873));
#2854 = ORIENTED_EDGE('',*,*,#2789,.T.);
#2855 = ORIENTED_EDGE('',*,*,#2730,.T.);
#2856 = ORIENTED_EDGE('',*,*,#2857,.F.);
#2857 = EDGE_CURVE('',#2858,#2723,#2860,.T.);
#2858 = VERTEX_POINT('',#2859);
#2859 = CARTESIAN_POINT('',(-7.150397862893,10.7,2.799999955119));
#2860 = LINE('',#2861,#2862);
#2861 = CARTESIAN_POINT('',(-6.001327024901,10.7,2.799999955119));
#2862 = VECTOR('',#2863,1.);
#2863 = DIRECTION('',(-1.,0.,0.));
#2864 = ORIENTED_EDGE('',*,*,#2865,.F.);
#2865 = EDGE_CURVE('',#2670,#2858,#2866,.T.);
#2866 = LINE('',#2867,#2868);
#2867 = CARTESIAN_POINT('',(-7.150397862893,10.7,2.175745058384));
#2868 = VECTOR('',#2869,1.);
#2869 = DIRECTION('',(0.,0.,-1.));
#2870 = ORIENTED_EDGE('',*,*,#2669,.T.);
#2871 = ORIENTED_EDGE('',*,*,#2634,.T.);
#2872 = ORIENTED_EDGE('',*,*,#2580,.T.);
#2873 = ORIENTED_EDGE('',*,*,#2542,.T.);
#2874 = PLANE('',#2875);
#2875 = AXIS2_PLACEMENT_3D('',#2876,#2877,#2878);
#2876 = CARTESIAN_POINT('',(-4.852256186909,10.7,1.451490161648));
#2877 = DIRECTION('',(0.,-1.,0.));
#2878 = DIRECTION('',(1.,0.,0.));
#2879 = ADVANCED_FACE('',(#2880),#2923,.T.);
#2880 = FACE_BOUND('',#2881,.T.);
#2881 = EDGE_LOOP('',(#2882,#2883,#2884,#2885,#2893,#2901,#2909,#2917));
#2882 = ORIENTED_EDGE('',*,*,#2832,.T.);
#2883 = ORIENTED_EDGE('',*,*,#2681,.T.);
#2884 = ORIENTED_EDGE('',*,*,#2865,.T.);
#2885 = ORIENTED_EDGE('',*,*,#2886,.T.);
#2886 = EDGE_CURVE('',#2858,#2887,#2889,.T.);
#2887 = VERTEX_POINT('',#2888);
#2888 = CARTESIAN_POINT('',(-7.150397862893,14.05,2.799999955119));
#2889 = LINE('',#2890,#2891);
#2890 = CARTESIAN_POINT('',(-7.150397862893,4.999999999997E-02,
    2.799999955119));
#2891 = VECTOR('',#2892,1.);
#2892 = DIRECTION('',(0.,1.,0.));
#2893 = ORIENTED_EDGE('',*,*,#2894,.F.);
#2894 = EDGE_CURVE('',#2895,#2887,#2897,.T.);
#2895 = VERTEX_POINT('',#2896);
#2896 = CARTESIAN_POINT('',(-7.150397862893,14.05,2.899999955119));
#2897 = LINE('',#2898,#2899);
#2898 = CARTESIAN_POINT('',(-7.150397862893,14.05,2.824999955119));
#2899 = VECTOR('',#2900,1.);
#2900 = DIRECTION('',(0.,0.,-1.));
#2901 = ORIENTED_EDGE('',*,*,#2902,.F.);
#2902 = EDGE_CURVE('',#2903,#2895,#2905,.T.);
#2903 = VERTEX_POINT('',#2904);
#2904 = CARTESIAN_POINT('',(-7.150397862893,4.999999999997E-02,
    2.899999955119));
#2905 = LINE('',#2906,#2907);
#2906 = CARTESIAN_POINT('',(-7.150397862893,4.999999999997E-02,
    2.899999955119));
#2907 = VECTOR('',#2908,1.);
#2908 = DIRECTION('',(0.,1.,0.));
#2909 = ORIENTED_EDGE('',*,*,#2910,.T.);
#2910 = EDGE_CURVE('',#2903,#2911,#2913,.T.);
#2911 = VERTEX_POINT('',#2912);
#2912 = CARTESIAN_POINT('',(-7.150397862893,4.999999999997E-02,
    2.799999955119));
#2913 = LINE('',#2914,#2915);
#2914 = CARTESIAN_POINT('',(-7.150397862893,4.999999999997E-02,
    2.824999955119));
#2915 = VECTOR('',#2916,1.);
#2916 = DIRECTION('',(0.,0.,-1.));
#2917 = ORIENTED_EDGE('',*,*,#2918,.T.);
#2918 = EDGE_CURVE('',#2911,#2833,#2919,.T.);
#2919 = LINE('',#2920,#2921);
#2920 = CARTESIAN_POINT('',(-7.150397862893,4.999999999997E-02,
    2.799999955119));
#2921 = VECTOR('',#2922,1.);
#2922 = DIRECTION('',(0.,1.,0.));
#2923 = PLANE('',#2924);
#2924 = AXIS2_PLACEMENT_3D('',#2925,#2926,#2927);
#2925 = CARTESIAN_POINT('',(-7.150397862893,4.999999999997E-02,
    2.899999955119));
#2926 = DIRECTION('',(1.,0.,0.));
#2927 = DIRECTION('',(0.,0.,-1.));
#2928 = ADVANCED_FACE('',(#2929),#2958,.T.);
#2929 = FACE_BOUND('',#2930,.T.);
#2930 = EDGE_LOOP('',(#2931,#2932,#2933,#2941,#2949,#2955,#2956,#2957));
#2931 = ORIENTED_EDGE('',*,*,#2840,.T.);
#2932 = ORIENTED_EDGE('',*,*,#2918,.F.);
#2933 = ORIENTED_EDGE('',*,*,#2934,.T.);
#2934 = EDGE_CURVE('',#2911,#2935,#2937,.T.);
#2935 = VERTEX_POINT('',#2936);
#2936 = CARTESIAN_POINT('',(-10.71000002526,4.999999999997E-02,
    2.799999955119));
#2937 = LINE('',#2938,#2939);
#2938 = CARTESIAN_POINT('',(-9.820099484674,4.999999999997E-02,
    2.799999955119));
#2939 = VECTOR('',#2940,1.);
#2940 = DIRECTION('',(-1.,0.,0.));
#2941 = ORIENTED_EDGE('',*,*,#2942,.T.);
#2942 = EDGE_CURVE('',#2935,#2943,#2945,.T.);
#2943 = VERTEX_POINT('',#2944);
#2944 = CARTESIAN_POINT('',(-10.71000002526,14.05,2.799999955119));
#2945 = LINE('',#2946,#2947);
#2946 = CARTESIAN_POINT('',(-10.71000002526,4.999999999997E-02,
    2.799999955119));
#2947 = VECTOR('',#2948,1.);
#2948 = DIRECTION('',(0.,1.,0.));
#2949 = ORIENTED_EDGE('',*,*,#2950,.F.);
#2950 = EDGE_CURVE('',#2887,#2943,#2951,.T.);
#2951 = LINE('',#2952,#2953);
#2952 = CARTESIAN_POINT('',(-9.820099484674,14.05,2.799999955119));
#2953 = VECTOR('',#2954,1.);
#2954 = DIRECTION('',(-1.,0.,0.));
#2955 = ORIENTED_EDGE('',*,*,#2886,.F.);
#2956 = ORIENTED_EDGE('',*,*,#2857,.T.);
#2957 = ORIENTED_EDGE('',*,*,#2722,.T.);
#2958 = PLANE('',#2959);
#2959 = AXIS2_PLACEMENT_3D('',#2960,#2961,#2962);
#2960 = CARTESIAN_POINT('',(-7.150397862893,4.999999999997E-02,
    2.799999955119));
#2961 = DIRECTION('',(0.,0.,-1.));
#2962 = DIRECTION('',(-1.,0.,0.));
#2963 = ADVANCED_FACE('',(#2964),#2989,.T.);
#2964 = FACE_BOUND('',#2965,.T.);
#2965 = EDGE_LOOP('',(#2966,#2974,#2975,#2983));
#2966 = ORIENTED_EDGE('',*,*,#2967,.T.);
#2967 = EDGE_CURVE('',#2968,#2903,#2970,.T.);
#2968 = VERTEX_POINT('',#2969);
#2969 = CARTESIAN_POINT('',(-10.71000002526,4.999999999997E-02,
    2.899999955119));
#2970 = LINE('',#2971,#2972);
#2971 = CARTESIAN_POINT('',(-8.040298403486,4.999999999997E-02,
    2.899999955119));
#2972 = VECTOR('',#2973,1.);
#2973 = DIRECTION('',(1.,0.,-1.644215842725E-14));
#2974 = ORIENTED_EDGE('',*,*,#2902,.T.);
#2975 = ORIENTED_EDGE('',*,*,#2976,.F.);
#2976 = EDGE_CURVE('',#2977,#2895,#2979,.T.);
#2977 = VERTEX_POINT('',#2978);
#2978 = CARTESIAN_POINT('',(-10.71000002526,14.05,2.899999955119));
#2979 = LINE('',#2980,#2981);
#2980 = CARTESIAN_POINT('',(-8.040298403486,14.05,2.899999955119));
#2981 = VECTOR('',#2982,1.);
#2982 = DIRECTION('',(1.,0.,-1.644215842725E-14));
#2983 = ORIENTED_EDGE('',*,*,#2984,.F.);
#2984 = EDGE_CURVE('',#2968,#2977,#2985,.T.);
#2985 = LINE('',#2986,#2987);
#2986 = CARTESIAN_POINT('',(-10.71000002526,4.999999999997E-02,
    2.899999955119));
#2987 = VECTOR('',#2988,1.);
#2988 = DIRECTION('',(0.,1.,0.));
#2989 = PLANE('',#2990);
#2990 = AXIS2_PLACEMENT_3D('',#2991,#2992,#2993);
#2991 = CARTESIAN_POINT('',(-10.71000002526,4.999999999997E-02,
    2.899999955119));
#2992 = DIRECTION('',(1.644215842725E-14,0.,1.));
#2993 = DIRECTION('',(1.,0.,-1.644215842725E-14));
#2994 = ADVANCED_FACE('',(#2995),#3011,.T.);
#2995 = FACE_BOUND('',#2996,.T.);
#2996 = EDGE_LOOP('',(#2997,#3003,#3004,#3010));
#2997 = ORIENTED_EDGE('',*,*,#2998,.T.);
#2998 = EDGE_CURVE('',#2935,#2968,#2999,.T.);
#2999 = LINE('',#3000,#3001);
#3000 = CARTESIAN_POINT('',(-10.71000002526,4.999999999997E-02,
    2.874999955119));
#3001 = VECTOR('',#3002,1.);
#3002 = DIRECTION('',(0.,0.,1.));
#3003 = ORIENTED_EDGE('',*,*,#2984,.T.);
#3004 = ORIENTED_EDGE('',*,*,#3005,.F.);
#3005 = EDGE_CURVE('',#2943,#2977,#3006,.T.);
#3006 = LINE('',#3007,#3008);
#3007 = CARTESIAN_POINT('',(-10.71000002526,14.05,2.874999955119));
#3008 = VECTOR('',#3009,1.);
#3009 = DIRECTION('',(0.,0.,1.));
#3010 = ORIENTED_EDGE('',*,*,#2942,.F.);
#3011 = PLANE('',#3012);
#3012 = AXIS2_PLACEMENT_3D('',#3013,#3014,#3015);
#3013 = CARTESIAN_POINT('',(-10.71000002526,4.999999999997E-02,
    2.799999955119));
#3014 = DIRECTION('',(-1.,0.,0.));
#3015 = DIRECTION('',(0.,0.,1.));
#3016 = ADVANCED_FACE('',(#3017),#3023,.T.);
#3017 = FACE_BOUND('',#3018,.T.);
#3018 = EDGE_LOOP('',(#3019,#3020,#3021,#3022));
#3019 = ORIENTED_EDGE('',*,*,#2998,.F.);
#3020 = ORIENTED_EDGE('',*,*,#2934,.F.);
#3021 = ORIENTED_EDGE('',*,*,#2910,.F.);
#3022 = ORIENTED_EDGE('',*,*,#2967,.F.);
#3023 = PLANE('',#3024);
#3024 = AXIS2_PLACEMENT_3D('',#3025,#3026,#3027);
#3025 = CARTESIAN_POINT('',(-8.93019894408,4.999999999997E-02,
    2.849999955119));
#3026 = DIRECTION('',(0.,-1.,0.));
#3027 = DIRECTION('',(0.,0.,-1.));
#3028 = ADVANCED_FACE('',(#3029),#3035,.T.);
#3029 = FACE_BOUND('',#3030,.T.);
#3030 = EDGE_LOOP('',(#3031,#3032,#3033,#3034));
#3031 = ORIENTED_EDGE('',*,*,#3005,.T.);
#3032 = ORIENTED_EDGE('',*,*,#2976,.T.);
#3033 = ORIENTED_EDGE('',*,*,#2894,.T.);
#3034 = ORIENTED_EDGE('',*,*,#2950,.T.);
#3035 = PLANE('',#3036);
#3036 = AXIS2_PLACEMENT_3D('',#3037,#3038,#3039);
#3037 = CARTESIAN_POINT('',(-8.93019894408,14.05,2.849999955119));
#3038 = DIRECTION('',(0.,1.,0.));
#3039 = DIRECTION('',(0.,-0.,1.));
#3040 = ( GEOMETRIC_REPRESENTATION_CONTEXT(3) 
GLOBAL_UNCERTAINTY_ASSIGNED_CONTEXT((#3044)) 
GLOBAL_UNIT_ASSIGNED_CONTEXT((#3041,#3042,#3043)) REPRESENTATION_CONTEXT
('Context #1','3D Context with UNIT and UNCERTAINTY') );
#3041 = ( LENGTH_UNIT() NAMED_UNIT(*) SI_UNIT(.MILLI.,.METRE.) );
#3042 = ( NAMED_UNIT(*) PLANE_ANGLE_UNIT() SI_UNIT($,.RADIAN.) );
#3043 = ( NAMED_UNIT(*) SI_UNIT($,.STERADIAN.) SOLID_ANGLE_UNIT() );
#3044 = UNCERTAINTY_MEASURE_WITH_UNIT(LENGTH_MEASURE(1.E-07),#3041,
  'distance_accuracy_value','confusion accuracy');
#3045 = CONTEXT_DEPENDENT_SHAPE_REPRESENTATION(#3046,#3048);
#3046 = ( REPRESENTATION_RELATIONSHIP('','',#2517,#10) 
REPRESENTATION_RELATIONSHIP_WITH_TRANSFORMATION(#3047) 
SHAPE_REPRESENTATION_RELATIONSHIP() );
#3047 = ITEM_DEFINED_TRANSFORMATION('','',#11,#39);
#3048 = PRODUCT_DEFINITION_SHAPE('Placement','Placement of an item',
  #3049);
#3049 = NEXT_ASSEMBLY_USAGE_OCCURRENCE('19',
  '0.96" SSD1312 display module v008','',#5,#2512,$);
#3050 = PRODUCT_RELATED_PRODUCT_CATEGORY('part',$,(#2514));
#3051 = MECHANICAL_DESIGN_GEOMETRIC_PRESENTATION_REPRESENTATION('',(
    #3052),#2499);
#3052 = STYLED_ITEM('color',(#3053),#2349);
#3053 = PRESENTATION_STYLE_ASSIGNMENT((#3054,#3060));
#3054 = SURFACE_STYLE_USAGE(.BOTH.,#3055);
#3055 = SURFACE_SIDE_STYLE('',(#3056));
#3056 = SURFACE_STYLE_FILL_AREA(#3057);
#3057 = FILL_AREA_STYLE('',(#3058));
#3058 = FILL_AREA_STYLE_COLOUR('',#3059);
#3059 = COLOUR_RGB('',0.25098037884,0.25098037884,0.25098037884);
#3060 = CURVE_STYLE('',#3061,POSITIVE_LENGTH_MEASURE(0.1),#3062);
#3061 = DRAUGHTING_PRE_DEFINED_CURVE_FONT('continuous');
#3062 = COLOUR_RGB('',9.803921802644E-02,9.803921802644E-02,
  9.803921802644E-02);
#3063 = MECHANICAL_DESIGN_GEOMETRIC_PRESENTATION_REPRESENTATION('',(
    #3064),#1031);
#3064 = STYLED_ITEM('color',(#3065),#881);
#3065 = PRESENTATION_STYLE_ASSIGNMENT((#3066,#3071));
#3066 = SURFACE_STYLE_USAGE(.BOTH.,#3067);
#3067 = SURFACE_SIDE_STYLE('',(#3068));
#3068 = SURFACE_STYLE_FILL_AREA(#3069);
#3069 = FILL_AREA_STYLE('',(#3070));
#3070 = FILL_AREA_STYLE_COLOUR('',#3059);
#3071 = CURVE_STYLE('',#3072,POSITIVE_LENGTH_MEASURE(0.1),#3062);
#3072 = DRAUGHTING_PRE_DEFINED_CURVE_FONT('continuous');
#3073 = MECHANICAL_DESIGN_GEOMETRIC_PRESENTATION_REPRESENTATION('',(
    #3074,#3084,#3092,#3099),#2330);
#3074 = STYLED_ITEM('color',(#3075),#1050);
#3075 = PRESENTATION_STYLE_ASSIGNMENT((#3076,#3082));
#3076 = SURFACE_STYLE_USAGE(.BOTH.,#3077);
#3077 = SURFACE_SIDE_STYLE('',(#3078));
#3078 = SURFACE_STYLE_FILL_AREA(#3079);
#3079 = FILL_AREA_STYLE('',(#3080));
#3080 = FILL_AREA_STYLE_COLOUR('',#3081);
#3081 = COLOUR_RGB('',1.,0.768627468855,0.);
#3082 = CURVE_STYLE('',#3083,POSITIVE_LENGTH_MEASURE(0.1),#3062);
#3083 = DRAUGHTING_PRE_DEFINED_CURVE_FONT('continuous');
#3084 = OVER_RIDING_STYLED_ITEM('overriding color',(#3085),#1513,#3074);
#3085 = PRESENTATION_STYLE_ASSIGNMENT((#3086));
#3086 = SURFACE_STYLE_USAGE(.BOTH.,#3087);
#3087 = SURFACE_SIDE_STYLE('',(#3088));
#3088 = SURFACE_STYLE_FILL_AREA(#3089);
#3089 = FILL_AREA_STYLE('',(#3090));
#3090 = FILL_AREA_STYLE_COLOUR('',#3091);
#3091 = COLOUR_RGB('',0.647058850868,0.619607810787,0.588235317929);
#3092 = OVER_RIDING_STYLED_ITEM('overriding color',(#3093),#2044,#3074);
#3093 = PRESENTATION_STYLE_ASSIGNMENT((#3094));
#3094 = SURFACE_STYLE_USAGE(.BOTH.,#3095);
#3095 = SURFACE_SIDE_STYLE('',(#3096));
#3096 = SURFACE_STYLE_FILL_AREA(#3097);
#3097 = FILL_AREA_STYLE('',(#3098));
#3098 = FILL_AREA_STYLE_COLOUR('',#3091);
#3099 = OVER_RIDING_STYLED_ITEM('overriding color',(#3100),#2066,#3074);
#3100 = PRESENTATION_STYLE_ASSIGNMENT((#3101));
#3101 = SURFACE_STYLE_USAGE(.BOTH.,#3102);
#3102 = SURFACE_SIDE_STYLE('',(#3103));
#3103 = SURFACE_STYLE_FILL_AREA(#3104);
#3104 = FILL_AREA_STYLE('',(#3105));
#3105 = FILL_AREA_STYLE_COLOUR('',#3091);
#3106 = MECHANICAL_DESIGN_GEOMETRIC_PRESENTATION_REPRESENTATION('',(
    #3107,#3117,#3125,#3133,#3140,#3147,#3155,#3162,#3169),#491);
#3107 = STYLED_ITEM('color',(#3108),#57);
#3108 = PRESENTATION_STYLE_ASSIGNMENT((#3109,#3115));
#3109 = SURFACE_STYLE_USAGE(.BOTH.,#3110);
#3110 = SURFACE_SIDE_STYLE('',(#3111));
#3111 = SURFACE_STYLE_FILL_AREA(#3112);
#3112 = FILL_AREA_STYLE('',(#3113));
#3113 = FILL_AREA_STYLE_COLOUR('',#3114);
#3114 = DRAUGHTING_PRE_DEFINED_COLOUR('white');
#3115 = CURVE_STYLE('',#3116,POSITIVE_LENGTH_MEASURE(0.1),#3062);
#3116 = DRAUGHTING_PRE_DEFINED_CURVE_FONT('continuous');
#3117 = OVER_RIDING_STYLED_ITEM('overriding color',(#3118),#183,#3107);
#3118 = PRESENTATION_STYLE_ASSIGNMENT((#3119));
#3119 = SURFACE_STYLE_USAGE(.BOTH.,#3120);
#3120 = SURFACE_SIDE_STYLE('',(#3121));
#3121 = SURFACE_STYLE_FILL_AREA(#3122);
#3122 = FILL_AREA_STYLE('',(#3123));
#3123 = FILL_AREA_STYLE_COLOUR('',#3124);
#3124 = COLOUR_RGB('',0.317647072818,0.541176436599,0.737254912529);
#3125 = OVER_RIDING_STYLED_ITEM('overriding color',(#3126),#325,#3107);
#3126 = PRESENTATION_STYLE_ASSIGNMENT((#3127));
#3127 = SURFACE_STYLE_USAGE(.BOTH.,#3128);
#3128 = SURFACE_SIDE_STYLE('',(#3129));
#3129 = SURFACE_STYLE_FILL_AREA(#3130);
#3130 = FILL_AREA_STYLE('',(#3131));
#3131 = FILL_AREA_STYLE_COLOUR('',#3132);
#3132 = COLOUR_RGB('',0.11764705971,0.11764705971,0.11764705971);
#3133 = OVER_RIDING_STYLED_ITEM('overriding color',(#3134),#371,#3107);
#3134 = PRESENTATION_STYLE_ASSIGNMENT((#3135));
#3135 = SURFACE_STYLE_USAGE(.BOTH.,#3136);
#3136 = SURFACE_SIDE_STYLE('',(#3137));
#3137 = SURFACE_STYLE_FILL_AREA(#3138);
#3138 = FILL_AREA_STYLE('',(#3139));
#3139 = FILL_AREA_STYLE_COLOUR('',#3132);
#3140 = OVER_RIDING_STYLED_ITEM('overriding color',(#3141),#402,#3107);
#3141 = PRESENTATION_STYLE_ASSIGNMENT((#3142));
#3142 = SURFACE_STYLE_USAGE(.BOTH.,#3143);
#3143 = SURFACE_SIDE_STYLE('',(#3144));
#3144 = SURFACE_STYLE_FILL_AREA(#3145);
#3145 = FILL_AREA_STYLE('',(#3146));
#3146 = FILL_AREA_STYLE_COLOUR('',#3132);
#3147 = OVER_RIDING_STYLED_ITEM('overriding color',(#3148),#426,#3107);
#3148 = PRESENTATION_STYLE_ASSIGNMENT((#3149));
#3149 = SURFACE_STYLE_USAGE(.BOTH.,#3150);
#3150 = SURFACE_SIDE_STYLE('',(#3151));
#3151 = SURFACE_STYLE_FILL_AREA(#3152);
#3152 = FILL_AREA_STYLE('',(#3153));
#3153 = FILL_AREA_STYLE_COLOUR('',#3154);
#3154 = COLOUR_RGB('',8.235294228292E-02,8.235294228292E-02,
  8.235294228292E-02);
#3155 = OVER_RIDING_STYLED_ITEM('overriding color',(#3156),#450,#3107);
#3156 = PRESENTATION_STYLE_ASSIGNMENT((#3157));
#3157 = SURFACE_STYLE_USAGE(.BOTH.,#3158);
#3158 = SURFACE_SIDE_STYLE('',(#3159));
#3159 = SURFACE_STYLE_FILL_AREA(#3160);
#3160 = FILL_AREA_STYLE('',(#3161));
#3161 = FILL_AREA_STYLE_COLOUR('',#3124);
#3162 = OVER_RIDING_STYLED_ITEM('overriding color',(#3163),#462,#3107);
#3163 = PRESENTATION_STYLE_ASSIGNMENT((#3164));
#3164 = SURFACE_STYLE_USAGE(.BOTH.,#3165);
#3165 = SURFACE_SIDE_STYLE('',(#3166));
#3166 = SURFACE_STYLE_FILL_AREA(#3167);
#3167 = FILL_AREA_STYLE('',(#3168));
#3168 = FILL_AREA_STYLE_COLOUR('',#3132);
#3169 = OVER_RIDING_STYLED_ITEM('overriding color',(#3170),#479,#3107);
#3170 = PRESENTATION_STYLE_ASSIGNMENT((#3171));
#3171 = SURFACE_STYLE_USAGE(.BOTH.,#3172);
#3172 = SURFACE_SIDE_STYLE('',(#3173));
#3173 = SURFACE_STYLE_FILL_AREA(#3174);
#3174 = FILL_AREA_STYLE('',(#3175));
#3175 = FILL_AREA_STYLE_COLOUR('',#3154);
#3176 = MECHANICAL_DESIGN_GEOMETRIC_PRESENTATION_REPRESENTATION('',(
    #3177,#3186,#3193,#3200),#3040);
#3177 = STYLED_ITEM('color',(#3178),#2518);
#3178 = PRESENTATION_STYLE_ASSIGNMENT((#3179,#3184));
#3179 = SURFACE_STYLE_USAGE(.BOTH.,#3180);
#3180 = SURFACE_SIDE_STYLE('',(#3181));
#3181 = SURFACE_STYLE_FILL_AREA(#3182);
#3182 = FILL_AREA_STYLE('',(#3183));
#3183 = FILL_AREA_STYLE_COLOUR('',#3132);
#3184 = CURVE_STYLE('',#3185,POSITIVE_LENGTH_MEASURE(0.1),#3062);
#3185 = DRAUGHTING_PRE_DEFINED_CURVE_FONT('continuous');
#3186 = OVER_RIDING_STYLED_ITEM('overriding color',(#3187),#2560,#3177);
#3187 = PRESENTATION_STYLE_ASSIGNMENT((#3188));
#3188 = SURFACE_STYLE_USAGE(.BOTH.,#3189);
#3189 = SURFACE_SIDE_STYLE('',(#3190));
#3190 = SURFACE_STYLE_FILL_AREA(#3191);
#3191 = FILL_AREA_STYLE('',(#3192));
#3192 = FILL_AREA_STYLE_COLOUR('',#3091);
#3193 = OVER_RIDING_STYLED_ITEM('overriding color',(#3194),#2771,#3177);
#3194 = PRESENTATION_STYLE_ASSIGNMENT((#3195));
#3195 = SURFACE_STYLE_USAGE(.BOTH.,#3196);
#3196 = SURFACE_SIDE_STYLE('',(#3197));
#3197 = SURFACE_STYLE_FILL_AREA(#3198);
#3198 = FILL_AREA_STYLE('',(#3199));
#3199 = FILL_AREA_STYLE_COLOUR('',#3091);
#3200 = OVER_RIDING_STYLED_ITEM('overriding color',(#3201),#2994,#3177);
#3201 = PRESENTATION_STYLE_ASSIGNMENT((#3202));
#3202 = SURFACE_STYLE_USAGE(.BOTH.,#3203);
#3203 = SURFACE_SIDE_STYLE('',(#3204));
#3204 = SURFACE_STYLE_FILL_AREA(#3205);
#3205 = FILL_AREA_STYLE('',(#3206));
#3206 = FILL_AREA_STYLE_COLOUR('',#3091);
#3207 = MECHANICAL_DESIGN_GEOMETRIC_PRESENTATION_REPRESENTATION('',(
    #3208),#862);
#3208 = STYLED_ITEM('color',(#3209),#712);
#3209 = PRESENTATION_STYLE_ASSIGNMENT((#3210,#3216));
#3210 = SURFACE_STYLE_USAGE(.BOTH.,#3211);
#3211 = SURFACE_SIDE_STYLE('',(#3212));
#3212 = SURFACE_STYLE_FILL_AREA(#3213);
#3213 = FILL_AREA_STYLE('',(#3214));
#3214 = FILL_AREA_STYLE_COLOUR('',#3215);
#3215 = COLOUR_RGB('',0.623529443769,0.623529443769,0.623529443769);
#3216 = CURVE_STYLE('',#3217,POSITIVE_LENGTH_MEASURE(0.1),#3062);
#3217 = DRAUGHTING_PRE_DEFINED_CURVE_FONT('continuous');
#3218 = MECHANICAL_DESIGN_GEOMETRIC_PRESENTATION_REPRESENTATION('',(
    #3219,#3229),#693);
#3219 = STYLED_ITEM('color',(#3220),#510);
#3220 = PRESENTATION_STYLE_ASSIGNMENT((#3221,#3227));
#3221 = SURFACE_STYLE_USAGE(.BOTH.,#3222);
#3222 = SURFACE_SIDE_STYLE('',(#3223));
#3223 = SURFACE_STYLE_FILL_AREA(#3224);
#3224 = FILL_AREA_STYLE('',(#3225));
#3225 = FILL_AREA_STYLE_COLOUR('',#3226);
#3226 = COLOUR_RGB('',0.678431390124,0.858823546443,0.858823546443);
#3227 = CURVE_STYLE('',#3228,POSITIVE_LENGTH_MEASURE(0.1),#3062);
#3228 = DRAUGHTING_PRE_DEFINED_CURVE_FONT('continuous');
#3229 = OVER_RIDING_STYLED_ITEM('overriding color',(#3230),#583,#3219);
#3230 = PRESENTATION_STYLE_ASSIGNMENT((#3231));
#3231 = SURFACE_STYLE_USAGE(.BOTH.,#3232);
#3232 = SURFACE_SIDE_STYLE('',(#3233));
#3233 = SURFACE_STYLE_FILL_AREA(#3234);
#3234 = FILL_AREA_STYLE('',(#3235));
#3235 = FILL_AREA_STYLE_COLOUR('',#3091);
ENDSEC;
END-ISO-10303-21;
